"region","Befolkning per 1.1. (personer)","Innbyggere per km² landareal","Landareal (km²)"
"Aarborte - Hattfjelldal",1267,1,2411
"Agdenes (-2017)",0,0,0
"Agdenes (2018-2019)",0,0,0
"Agder",308843,21,14981
"Akershus",0,0,0
"Akershus (-2019)",0,0,0
"Alstahaug",7394,40,187
"Alta",0,0,0
"Alta (-2019)",0,0,0
"Alta (2020-2023)",20847,6,3653
"Alvdal",2405,3,919
"Alvdal (-2019)",0,0,0
"Alver",29337,45,651
"Andebu (-2016)",0,0,0
"Andøy",4588,7,617
"Ankenes (-1973)",0,0,0
"Aremark",0,0,0
"Aremark (-2019)",0,0,0
"Aremark (2020-2023)",1325,5,282
"Arendal",45065,177,255
"Arendal (-1991)",0,0,0
"Arendal (1992-2019)",0,0,0
"Arna (1964-1971)",0,0,0
"Asker",0,0,0
"Asker (-2019)",0,0,0
"Asker (2020-2023)",94915,261,364
"Askim (-2019)",0,0,0
"Askvoll",2991,10,313
"Askvoll (-2019)",0,0,0
"Askøy",29594,315,94
"Askøy (-2019)",0,0,0
"Audnedal (1964-2019)",0,0,0
"Aukra",3522,58,61
"Aure",3468,6,622
"Aure (-2005)",0,0,0
"Aurland",1777,1,1376
"Aurland (-2019)",0,0,0
"Aurskog-Høland",0,0,0
"Aurskog-Høland (1966-2019)",0,0,0
"Aurskog-Høland (2020-2023)",17591,17,1053
"Aust-Agder (-2019)",0,0,0
"Austevoll",5276,46,114
"Austevoll (-2019)",0,0,0
"Austrheim",2860,50,57
"Austrheim (1910-2019)",0,0,0
"Averøy",5808,34,173
"Balestrand (-2019)",0,0,0
"Ballangen (1925-2019)",0,0,0
"Balsfjord",0,0,0
"Balsfjord (-2019)",0,0,0
"Balsfjord (2020-2023)",5559,4,1440
"Bamble",0,0,0
"Bamble (-2019)",0,0,0
"Bamble (2020-2023)",14014,50,282
"Bardu",0,0,0
"Bardu (-2019)",0,0,0
"Bardu (2020-2023)",3959,2,2514
"Beiarn",999,1,1179
"Berg  (-1966)",0,0,0
"Berg (-2019)",0,0,0
"Bergen",285601,642,445
"Bergen (-1971)",0,0,0
"Bergen (1972-2019)",0,0,0
"Berlevåg",0,0,0
"Berlevåg (1914-2019)",0,0,0
"Berlevåg (2020-2023)",928,1,1083
"Bindal",1397,1,1192
"Birkenes",5274,9,596
"Birkenes (-2019)",0,0,0
"Bjarkøy (-2012)",0,0,0
"Bjerkreim",2791,5,577
"Bjugn (-2017)",0,0,0
"Bjugn (2018-2019)",0,0,0
"Bjørnafjorden",25049,51,487
"Bjørnøya naturreservat",0,0,0
"Bodin (-1967)",0,0,0
"Bodø",52560,40,1311
"Bokn",859,19,45
"Borge (-1993)",0,0,0
"Borre (-1987)",0,0,0
"Bremanger",3597,5,786
"Bremanger (-2019)",0,0,0
"Brunlanes (-1987)",0,0,0
"Brønnøy",7803,8,999
"Brønnøy (-1976)",0,0,0
"Buskerud",0,0,0
"Buskerud (-2019)",0,0,0
"Bygland",1142,1,1150
"Bygland (-2019)",0,0,0
"Bykle",930,1,1254
"Bykle (-2019)",0,0,0
"Båtsfjord",0,0,0
"Båtsfjord (1955-2019)",0,0,0
"Båtsfjord (2020-2023)",2200,2,1416
"Bærum",0,0,0
"Bærum (-2019)",0,0,0
"Bærum (2020-2023)",128233,678,189
"Bø (Nordland)",2576,11,235
"Bø (Telemark) (-2019)",0,0,0
"Bømlo",11953,51,235
"Bømlo (1916-2019)",0,0,0
"Deatnu - Tana",0,0,0
"Deatnu - Tana (-2019)",0,0,0
"Deatnu - Tana (2020-2023)",2829,1,3833
"Dielddanuorri - Tjeldsund",0,0,0
"Dielddanuorri - Tjeldsund (2020-2023)",4209,5,775
"Divtasvuodna - Tysfjord (-2019)",0,0,0
"Dovre",2512,2,1349
"Dovre (-2019)",0,0,0
"Drammen",0,0,0
"Drammen (-2019)",0,0,0
"Drammen (2020-2023)",101859,334,305
"Drangedal",0,0,0
"Drangedal (-2019)",0,0,0
"Drangedal (2020-2023)",4071,4,995
"Dyrøy",0,0,0
"Dyrøy (-2019)",0,0,0
"Dyrøy (2020-2023)",1063,4,277
"Dønna",1371,7,186
"Eid (-2019)",0,0,0
"Eide (-2019)",0,0,0
"Eidfjord",903,1,1382
"Eidfjord (-2019)",0,0,0
"Eidsberg (-2019)",0,0,0
"Eidskog",6099,10,603
"Eidskog (-2019)",0,0,0
"Eidsvoll",0,0,0
"Eidsvoll (-2019)",0,0,0
"Eidsvoll (2020-2023)",26031,67,386
"Eigersund",14787,38,387
"Elverum",21292,18,1209
"Elverum (-2019)",0,0,0
"Enebakk",0,0,0
"Enebakk (-2019)",0,0,0
"Enebakk (2020-2023)",11065,57,195
"Engerdal",1250,1,1916
"Engerdal (1911-2019)",0,0,0
"Etne",4053,6,691
"Etne (-2019)",0,0,0
"Etnedal",1257,3,443
"Etnedal (-2019)",0,0,0
"Evenes - Evenássi",1324,5,241
"Evje og Hornnes",3619,7,549
"Evje og Hornnes (1960-2019)",0,0,0
"Fana (-1971)",0,0,0
"Farsund",9645,38,252
"Farsund (-2019)",0,0,0
"Fauske - Fuossko",9640,9,1108
"Fedje",525,58,9
"Fedje (1948-2019)",0,0,0
"Fet (-2019)",0,0,0
"Finnmark - Finnmárku (-2019)",0,0,0
"Finnmark - Finnmárku - Finmarkku",0,0,0
"Finnøy (-2019)",0,0,0
"Fitjar",3147,23,134
"Fitjar (-2019)",0,0,0
"Fjaler",2885,7,390
"Fjaler (-2019)",0,0,0
"Fjell (-2019)",0,0,0
"Fjord",2502,2,1144
"Fjære (-1970)",0,0,0
"Flakstad",1238,7,169
"Flatanger",1100,3,434
"Flatanger (-2017)",0,0,0
"Flekkefjord",9027,19,482
"Flekkefjord (-2019)",0,0,0
"Flesberg",0,0,0
"Flesberg (-2019)",0,0,0
"Flesberg (2020-2023)",2713,5,538
"Flora (1964-2019)",0,0,0
"Flå",0,0,0
"Flå (-2019)",0,0,0
"Flå (2020-2023)",1049,2,671
"Folldal",1518,1,1260
"Folldal (1914-2019)",0,0,0
"Forsand (-2019)",0,0,0
"Fosnes (-2017)",0,0,0
"Fosnes (2018-2019)",0,0,0
"Fredrikstad",0,0,0
"Fredrikstad (-1993)",0,0,0
"Fredrikstad (1994-2019)",0,0,0
"Fredrikstad (2020-2023)",83193,293,284
"Frei (-2007)",0,0,0
"Frogn",0,0,0
"Frogn (-2019)",0,0,0
"Frogn (2020-2023)",15953,188,85
"Froland",6004,10,601
"Froland (-2019)",0,0,0
"Fron (1966-1976)",0,0,0
"Frosta",2609,35,74
"Frosta (-2017)",0,0,0
"Fræna (-2019)",0,0,0
"Frøya",5204,23,230
"Frøya (1964-2017)",0,0,0
"Fusa (-2019)",0,0,0
"Fyresdal",0,0,0
"Fyresdal (-2019)",0,0,0
"Fyresdal (2020-2023)",1228,1,1107
"Færder",0,0,0
"Færder (2018-2019)",0,0,0
"Færder (2020-2023)",26957,270,100
"Førde (-2019)",0,0,0
"Gamvik",0,0,0
"Gamvik (1914-2019)",0,0,0
"Gamvik (2020-2023)",1097,1,1355
"Gaular (-2019)",0,0,0
"Gausdal",6023,5,1146
"Gausdal (1962-2019)",0,0,0
"Gildeskål",1920,3,622
"Giske",8506,213,40
"Gjemnes",2658,7,371
"Gjerdrum",0,0,0
"Gjerdrum (-2019)",0,0,0
"Gjerdrum (2020-2023)",7043,86,82
"Gjerstad",2430,8,308
"Gjerstad (-2019)",0,0,0
"Gjesdal",12064,22,558
"Gjøvik",30395,48,629
"Gjøvik (-2019)",0,0,0
"Gloppen",5885,6,963
"Gloppen (-2019)",0,0,0
"Gol",0,0,0
"Gol (-2019)",0,0,0
"Gol (2020-2023)",4636,9,514
"Gran",13611,21,657
"Gran (-2019)",0,0,0
"Grane",1453,1,1881
"Granvin (-2019)",0,0,0
"Gratangen (1926-2019)",0,0,0
"Gratangen (2020-2023)",1092,4,305
"Gratangen - Rivtták",0,0,0
"Grimstad",23891,88,272
"Grimstad (-2019)",0,0,0
"Grong",2347,2,1095
"Grong (-2017)",0,0,0
"Grue",4545,6,778
"Grue (-2019)",0,0,0
"Gulen",2272,4,575
"Gulen (-2019)",0,0,0
"Guovdageaidnu - Kautokeino",0,0,0
"Guovdageaidnu - Kautokeino (-2019)",0,0,0
"Guovdageaidnu - Kautokeino (2020-2023)",2920,0,8969
"Gáivuotna - Kåfjord - Kaivuono",0,0,0
"Gáivuotna - Kåfjord - Kaivuono (1931-2019)",0,0,0
"Gáivuotna - Kåfjord - Kaivuono (2020-2023)",2072,2,950
"Hadsel",8065,15,551
"Halden",0,0,0
"Halden (-2019)",0,0,0
"Halden (2020-2023)",31387,53,595
"Halsa (-2019)",0,0,0
"Haltdalen (-1971)",0,0,0
"Hamar",31509,93,338
"Hamar (-1991)",0,0,0
"Hamar (1992-2019)",0,0,0
"Hamarøy - Hábmer (-2019)",0,0,0
"Hammerfest (-1991)",0,0,0
"Hammerfest (1992-2019)",0,0,0
"Hammerfest - Hámmerfeasta",0,0,0
"Hammerfest - Hámmerfeasta (2020-2023)",11331,4,2558
"Haram",0,0,0
"Haram (-2019)",0,0,0
"Hareid",5140,67,77
"Harstad (-2012)",0,0,0
"Harstad - Hárstták",0,0,0
"Harstad - Hárstták (2013-2019)",0,0,0
"Harstad - Hárstták (2020-2023)",24738,58,428
"Hasvik",0,0,0
"Hasvik (-2019)",0,0,0
"Hasvik (2020-2023)",983,2,534
"Haugesund",37323,549,68
"Havområder",0,0,0
"Hedmark (-2019)",0,0,0
"Hedrum (-1987)",0,0,0
"Heim",5941,6,980
"Hele landet",5391369,18,304055
"Hemne (-2017)",0,0,0
"Hemne (2018-2019)",0,0,0
"Hemnes",4428,3,1430
"Hemsedal",0,0,0
"Hemsedal (-2019)",0,0,0
"Hemsedal (2020-2023)",2546,4,712
"Herefoss (-1966)",0,0,0
"Herøy (Møre og Romsdal)",8858,75,118
"Herøy (Nordland)",1793,28,64
"Hisøy (-1991)",0,0,0
"Hitra",5140,7,715
"Hitra (-2017)",0,0,0
"Hitra (2018-2019)",0,0,0
"Hjartdal",0,0,0
"Hjartdal (-2019)",0,0,0
"Hjartdal (2020-2023)",1561,2,737
"Hjelmeland",2580,3,948
"Hobøl (-2019)",0,0,0
"Hof (-2017)",0,0,0
"Hol",0,0,0
"Hol (-2019)",0,0,0
"Hol (2020-2023)",4434,3,1653
"Hole",0,0,0
"Hole (1977-2019)",0,0,0
"Hole (2020-2023)",6811,50,135
"Holmestrand",0,0,0
"Holmestrand (-2017)",0,0,0
"Holmestrand (2018-2019)",0,0,0
"Holmestrand (2020-2023)",25011,61,412
"Holtålen",1968,2,1170
"Holtålen (1972-2017)",0,0,0
"Hopen naturreservat",0,0,0
"Hordaland (-2019)",0,0,0
"Hornindal (-2019)",0,0,0
"Horten",0,0,0
"Horten (-1987)",0,0,0
"Horten (2002-2019)",0,0,0
"Horten (2020-2023)",27510,399,69
"Hurdal",0,0,0
"Hurdal (-2019)",0,0,0
"Hurdal (2020-2023)",2838,11,261
"Hurum (-2019)",0,0,0
"Hustadvika",13317,26,508
"Hvaler",0,0,0
"Hvaler (-2019)",0,0,0
"Hvaler (2020-2023)",4694,52,90
"Hyllestad",1294,5,248
"Hyllestad (-2019)",0,0,0
"Hábmer - Hamarøy",2701,1,1838
"Hå",19120,77,248
"Hægebostad",1690,4,424
"Hægebostad (-2019)",0,0,0
"Høyanger",4049,4,930
"Høyanger (1964-2019)",0,0,0
"Høylandet",1215,2,703
"Høylandet (-2017)",0,0,0
"Ibestad",0,0,0
"Ibestad (-2019)",0,0,0
"Ibestad (2020-2023)",1320,6,234
"Idd (-1966)",0,0,0
"Ikke bosatt i Norge",0,0,0
"Inderøy",6764,19,351
"Inderøy (-2011)",0,0,0
"Inderøy (2012-2017)",0,0,0
"Indre Fosen",9948,10,1030
"Indre Østfold",0,0,0
"Indre Østfold (2020-2023)",45201,60,755
"Innlandet",370603,8,49391
"Iveland",1335,5,246
"Iveland (-2019)",0,0,0
"Jan Mayen",0,0,0
"Jevnaker",0,0,0
"Jevnaker (-2019)",0,0,0
"Jevnaker (2020-2023)",6867,35,194
"Jondal (-2019)",0,0,0
"Jølster (-2019)",0,0,0
"Karlsøy",0,0,0
"Karlsøy (-2019)",0,0,0
"Karlsøy (2020-2023)",2172,2,1051
"Karmøy",42345,192,220
"Kinn",17160,22,763
"Klepp",19848,195,102
"Klæbu (-2017)",0,0,0
"Klæbu (2018-2019)",0,0,0
"Kongsberg",0,0,0
"Kongsberg (-2019)",0,0,0
"Kongsberg (2020-2023)",27694,37,754
"Kongsvinger",17851,19,953
"Kongsvinger (-2019)",0,0,0
"Kontinentalsokkelen",0,0,0
"Kragerø",0,0,0
"Kragerø (1960-2019)",0,0,0
"Kragerø (2020-2023)",10416,36,289
"Kristiansand",112588,185,610
"Kristiansand (-2019)",0,0,0
"Kristiansund",24099,280,86
"Kristiansund  (-2007)",0,0,0
"Kråkerøy (1908-1993)",0,0,0
"Krødsherad",0,0,0
"Krødsherad (-2019)",0,0,0
"Krødsherad (2020-2023)",2219,7,340
"Kvalsund (-2019)",0,0,0
"Kvam",8461,15,580
"Kvam (-2019)",0,0,0
"Kvinesdal",5922,7,887
"Kvinesdal (-2019)",0,0,0
"Kvinnherad",13039,13,1043
"Kvinnherad (-2019)",0,0,0
"Kviteseid",0,0,0
"Kviteseid (-2019)",0,0,0
"Kviteseid (2020-2023)",2430,4,623
"Kvitsøy",507,85,6
"Kvæfjord",0,0,0
"Kvæfjord (-2019)",0,0,0
"Kvæfjord (2020-2023)",2822,6,497
"Kvænangen",0,0,0
"Kvænangen (-2019)",0,0,0
"Kvænangen (2020-2023)",1166,1,2008
"Kárásjohka - Karasjok",0,0,0
"Kárásjohka - Karasjok (-2019)",0,0,0
"Kárásjohka - Karasjok (2020-2023)",2641,1,5210
"Laksevåg (1918-1971)",0,0,0
"Landvik (-1970)",0,0,0
"Lardal (-2017)",0,0,0
"Larvik",0,0,0
"Larvik (-1987)",0,0,0
"Larvik (1988-2017)",0,0,0
"Larvik (2018-2019)",0,0,0
"Larvik (2020-2023)",47499,62,771
"Lebesby",0,0,0
"Lebesby (-2019)",0,0,0
"Lebesby (2020-2023)",1271,0,3232
"Leikanger (-2019)",0,0,0
"Leirfjord",2278,5,451
"Leka",563,5,108
"Leka (-2017)",0,0,0
"Leksvik (-2017)",0,0,0
"Lenvik (-2019)",0,0,0
"Lesja",1980,1,2169
"Lesja (-2019)",0,0,0
"Levanger (1962-2017)",0,0,0
"Levanger - Levangke",20170,33,610
"Lier",0,0,0
"Lier (-2019)",0,0,0
"Lier (2020-2023)",27118,96,282
"Lierne",1328,1,2630
"Lierne (1964-2017)",0,0,0
"Lillehammer",28493,63,451
"Lillehammer (-2019)",0,0,0
"Lillesand",11180,62,180
"Lillesand (1962-2019)",0,0,0
"Lillestrøm",0,0,0
"Lillestrøm (2020-2023)",86953,212,410
"Lindesnes",23055,26,883
"Lindesnes (1964-2019)",0,0,0
"Lindås (-2019)",0,0,0
"Loabák - Lavangen",0,0,0
"Loabák - Lavangen (1907-2019)",0,0,0
"Loabák - Lavangen (2020-2023)",1020,3,296
"Lom",2204,1,1887
"Lom (-2019)",0,0,0
"Longyearbyen arealplanområde",0,0,0
"Loppa",0,0,0
"Loppa (-2019)",0,0,0
"Loppa (2020-2023)",860,1,671
"Lund",3174,9,354
"Lunner",0,0,0
"Lunner (-2019)",0,0,0
"Lunner (2020-2023)",9062,33,272
"Lurøy",1876,7,258
"Luster",5189,2,2597
"Luster (-2019)",0,0,0
"Lyngdal",10464,17,606
"Lyngdal (-2019)",0,0,0
"Lyngen",0,0,0
"Lyngen (-2019)",0,0,0
"Lyngen (2020-2023)",2773,3,796
"Lærdal",2129,2,1275
"Lærdal (-2019)",0,0,0
"Lødingen",2003,4,508
"Lørenskog",0,0,0
"Lørenskog (1908-2019)",0,0,0
"Lørenskog (2020-2023)",42740,638,67
"Løten",7625,21,362
"Løten (-2019)",0,0,0
"Malvik",14334,88,162
"Malvik (-2017)",0,0,0
"Mandal (-2019)",0,0,0
"Marker",0,0,0
"Marker (1964-2019)",0,0,0
"Marker (2020-2023)",3601,10,368
"Marnardal (1964-2019)",0,0,0
"Masfjorden",1660,3,509
"Masfjorden (-2019)",0,0,0
"Meland (1924-2019)",0,0,0
"Meldal (-2017)",0,0,0
"Meldal (2018-2019)",0,0,0
"Melhus",16949,26,653
"Melhus (-2017)",0,0,0
"Meløy",6247,8,798
"Meråker",2413,2,1188
"Meråker (-2017)",0,0,0
"Midsund (1965-2019)",0,0,0
"Midt-Telemark",0,0,0
"Midt-Telemark (2020-2023)",10461,21,487
"Midtre Gauldal",6243,3,1803
"Midtre Gauldal (1964-2017)",0,0,0
"Modalen",376,1,379
"Modalen (1910-2019)",0,0,0
"Modum",0,0,0
"Modum (-2019)",0,0,0
"Modum (2020-2023)",14166,31,463
"Moland (1962-1991)",0,0,0
"Molde",31870,22,1435
"Molde (-2019)",0,0,0
"Moskenes",989,9,110
"Moskenes (1916-1975)",0,0,0
"Moss",0,0,0
"Moss (-2019)",0,0,0
"Moss (2020-2023)",49668,388,128
"Mosvik  (-2011)",0,0,0
"Mykland (-1966)",0,0,0
"Målselv",0,0,0
"Målselv (-2019)",0,0,0
"Målselv (2020-2023)",6609,2,3203
"Måsøy",0,0,0
"Måsøy (-2019)",0,0,0
"Måsøy (2020-2023)",1197,1,1068
"Møre og Romsdal",265544,19,13839
"Namdalseid (-2017)",0,0,0
"Namdalseid (2018-2019)",0,0,0
"Namsos (-2017)",0,0,0
"Namsos (2018-2019)",0,0,0
"Namsos - Nåavmesjenjaelmie",15096,8,1998
"Namsskogan",846,1,1353
"Namsskogan (1923-2017)",0,0,0
"Nannestad",0,0,0
"Nannestad (-2019)",0,0,0
"Nannestad (2020-2023)",14637,45,324
"Narvik",21661,7,3195
"Narvik (-2019)",0,0,0
"Naustdal (-2019)",0,0,0
"Nedre Eiker (-2019)",0,0,0
"Nes",0,0,0
"Nes (2020-2023)",23422,38,612
"Nes (Akershus) (-2019)",0,0,0
"Nes (Buskerud) (-2019)",0,0,0
"Nesbyen",0,0,0
"Nesbyen (2020-2023)",3262,4,772
"Nesna",1701,9,181
"Nesodden",0,0,0
"Nesodden (-2019)",0,0,0
"Nesodden (2020-2023)",19805,325,61
"Nesset (-2019)",0,0,0
"Nissedal",0,0,0
"Nissedal (-2019)",0,0,0
"Nissedal (2020-2023)",1430,2,786
"Nittedal",0,0,0
"Nittedal (-2019)",0,0,0
"Nittedal (2020-2023)",24454,137,179
"Nome",0,0,0
"Nome (1964-2019)",0,0,0
"Nome (2020-2023)",6488,17,385
"Nord-Aurdal",6360,7,849
"Nord-Aurdal (-2019)",0,0,0
"Nord-Fron",5705,5,1092
"Nord-Fron (1977-2019)",0,0,0
"Nord-Odal",5038,11,475
"Nord-Odal (-2019)",0,0,0
"Nord-Trøndelag (-2017)",0,0,0
"Norddal (-2019)",0,0,0
"Nordkapp",0,0,0
"Nordkapp (-2019)",0,0,0
"Nordkapp (2020-2023)",3075,3,892
"Nordland - Nordlánnda",240345,7,35760
"Nordre Follo",0,0,0
"Nordre Follo (2020-2023)",60034,306,196
"Nordre Land",6581,7,920
"Nordre Land (-2019)",0,0,0
"Nordreisa - Ráisa - Raisi",0,0,0
"Nordreisa - Ráisa - Raisi (-2019)",0,0,0
"Nordreisa - Ráisa - Raisi (2020-2023)",4812,1,3336
"Nore og Uvdal",0,0,0
"Nore og Uvdal (1962-2019)",0,0,0
"Nore og Uvdal (2020-2023)",2412,1,2266
"Notodden",0,0,0
"Notodden (1913-2019)",0,0,0
"Notodden (2020-2023)",12994,14,912
"Ny-Ålesund arealplanområde",0,0,0
"Nærøy (-2017)",0,0,0
"Nærøy (2018-2019)",0,0,0
"Nærøysund",9581,7,1286
"Nøtterøy (-2017)",0,0,0
"Odda (1913-2019)",0,0,0
"Onsøy (-1993)",0,0,0
"Oppdal",6981,3,2201
"Oppdal (-2017)",0,0,0
"Oppegård (1915-2019)",0,0,0
"Oppland (-2019)",0,0,0
"Orkdal (-2017)",0,0,0
"Orkdal (2018-2019)",0,0,0
"Orkland",18300,10,1818
"Os",1870,2,1007
"Os (Hedmark) (1976-2019)",0,0,0
"Os (Hordaland) (-2019)",0,0,0
"Osen",925,3,370
"Osen (-2017)",0,0,0
"Oslo",697010,1636,426
"Osterøy",8080,33,244
"Osterøy (1964-2019)",0,0,0
"Overhalla",3865,6,689
"Overhalla (-2017)",0,0,0
"Porsanger - Porsángu - Porsanki",0,0,0
"Porsanger - Porsángu - Porsanki (1964-2019)",0,0,0
"Porsanger - Porsángu - Porsanki (2020-2023)",3921,1,4640
"Porsgrunn",0,0,0
"Porsgrunn (-2019)",0,0,0
"Porsgrunn (2020-2023)",36526,227,161
"Raarvihke - Røyrvik",459,0,1330
"Raarvihke - Røyrvik (1923-2017)",0,0,0
"Radøy (1964-2019)",0,0,0
"Rakkestad",0,0,0
"Rakkestad (-2019)",0,0,0
"Rakkestad (2020-2023)",8222,20,421
"Ramnes (-2001)",0,0,0
"Rana - Raane",26083,6,4203
"Randaberg",11315,471,24
"Rauma",7026,5,1390
"Re (2002-2019)",0,0,0
"Rendalen",1741,1,3061
"Rendalen (1965-2019)",0,0,0
"Rennebu",2454,3,924
"Rennebu (-2017)",0,0,0
"Rennesøy (-2019)",0,0,0
"Rindal",1989,3,612
"Rindal (-2018)",0,0,0
"Ringebu",4408,4,1221
"Ringebu (-2019)",0,0,0
"Ringerike",0,0,0
"Ringerike (1964-1976)",0,0,0
"Ringerike (1977-2019)",0,0,0
"Ringerike (2020-2023)",30835,22,1422
"Ringsaker",34897,31,1123
"Ringsaker (-2019)",0,0,0
"Rissa (-2017)",0,0,0
"Risør",6762,38,179
"Risør (-2019)",0,0,0
"Roan (-2017)",0,0,0
"Roan (2018-2019)",0,0,0
"Rogaland",482645,56,8576
"Rollag",0,0,0
"Rollag (-2019)",0,0,0
"Rollag (2020-2023)",1386,3,430
"Rolvsøy (1911-1993)",0,0,0
"Rygge (-2019)",0,0,0
"Råde",0,0,0
"Råde (-2019)",0,0,0
"Råde (2020-2023)",7568,72,105
"Rælingen",0,0,0
"Rælingen (1929-2019)",0,0,0
"Rælingen (2020-2023)",18730,334,56
"Rødøy",1206,2,686
"Rømskog (-2019)",0,0,0
"Røros (-2017)",0,0,0
"Røros - Rosse",5550,3,1756
"Røst",488,49,10
"Røyken (-2019)",0,0,0
"Salangen",0,0,0
"Salangen (-1976)",0,0,0
"Salangen (1977-2019)",0,0,0
"Salangen (2020-2023)",2089,5,438
"Saltdal",4632,2,2084
"Samnanger",2504,10,257
"Samnanger (1907-2019)",0,0,0
"Sandar (-1967)",0,0,0
"Sande",2445,27,90
"Sande (Vestfold) (-2019)",0,0,0
"Sandefjord",0,0,0
"Sandefjord (-2016)",0,0,0
"Sandefjord (2017-2019)",0,0,0
"Sandefjord (2020-2023)",64345,155,414
"Sandnes",80450,85,944
"Sandnes (-2019)",0,0,0
"Sandøy (-2019)",0,0,0
"Sarpsborg",0,0,0
"Sarpsborg (-1991)",0,0,0
"Sarpsborg (1992-2019)",0,0,0
"Sarpsborg (2020-2023)",57372,155,370
"Sauda",4561,9,508
"Sauherad (-2019)",0,0,0
"Sel",5592,6,888
"Sel (1908-2019)",0,0,0
"Selbu",4069,4,1140
"Selbu (-2017)",0,0,0
"Selje (-2019)",0,0,0
"Seljord",0,0,0
"Seljord (-2019)",0,0,0
"Seljord (2020-2023)",2900,4,669
"Sem (-1987)",0,0,0
"Senja",0,0,0
"Senja (2020-2023)",14725,8,1860
"Sigdal",0,0,0
"Sigdal (-2019)",0,0,0
"Sigdal (2020-2023)",3465,4,811
"Siljan",0,0,0
"Siljan (-2019)",0,0,0
"Siljan (2020-2023)",2347,12,202
"Sirdal",1772,1,1373
"Sirdal (1960-2019)",0,0,0
"Skaun",8367,39,213
"Skaun (-2017)",0,0,0
"Skedsmo (-2019)",0,0,0
"Ski (1931-2019)",0,0,0
"Skien",0,0,0
"Skien (-2019)",0,0,0
"Skien (2020-2023)",55144,77,719
"Skiptvet",0,0,0
"Skiptvet (-2019)",0,0,0
"Skiptvet (2020-2023)",3825,41,93
"Skjeberg (-1991)",0,0,0
"Skjerstad (-2004)",0,0,0
"Skjervøy",0,0,0
"Skjervøy (-2019)",0,0,0
"Skjervøy (2020-2023)",2893,6,465
"Skjåk",2183,1,1967
"Skjåk (-2019)",0,0,0
"Skodje (-2019)",0,0,0
"Skånland (1926-2019)",0,0,0
"Smøla",2128,8,261
"Snillfjord (1924-2017)",0,0,0
"Snillfjord (2018-2019)",0,0,0
"Snåase - Snåsa",2054,1,2146
"Snåase - Snåsa (-2017)",0,0,0
"Sogn og Fjordane (-2019)",0,0,0
"Sogndal",11938,10,1229
"Sogndal (-2019)",0,0,0
"Sokkelen nord for 62 grader N",0,0,0
"Sokkelen sør for 62 grader N",0,0,0
"Sokkelen, uspesifisert",0,0,0
"Sokndal",3257,12,267
"Sola",27457,398,69
"Solund",786,4,219
"Solund (-2019)",0,0,0
"Songdalen (1964-2019)",0,0,0
"Sortland - Suortá",10514,15,697
"Spydeberg (-2019)",0,0,0
"Stad",9517,14,695
"Stange",21072,33,641
"Stange (-2019)",0,0,0
"Stavanger",144147,561,257
"Stavern (1944-1987)",0,0,0
"Steigen",2586,3,964
"Steinkjer",24152,12,1937
"Steinkjer (-2017)",0,0,0
"Steinkjer (2018-2019)",0,0,0
"Stjørdal",24283,27,913
"Stjørdal (-2017)",0,0,0
"Stokke (-2016)",0,0,0
"Stor-Elvdal",2378,1,2127
"Stor-Elvdal (-2019)",0,0,0
"Stord",18861,138,137
"Stord (-2019)",0,0,0
"Stordal (-2019)",0,0,0
"Storfjord - Omasvuotna - Omasvuono",0,0,0
"Storfjord - Omasvuotna - Omasvuono (1931-2019)",0,0,0
"Storfjord - Omasvuotna - Omasvuono (2020-2023)",1831,1,1477
"Strand",13070,55,236
"Stranda",4482,5,845
"Stryn",7118,5,1326
"Stryn (-1976)",0,0,0
"Stryn (1977-2019)",0,0,0
"Sula",9409,165,57
"Suldal",3809,2,1583
"Sund (-2019)",0,0,0
"Sunndal",6956,4,1648
"Sunnfjord",22020,11,2065
"Surnadal",5872,4,1315
"Svalbard",0,0,0
"Sveagruva arealplanområde",0,0,0
"Sveio",5798,26,224
"Sveio (-2019)",0,0,0
"Svelvik (1964-2019)",0,0,0
"Sykkylven",7596,23,329
"Søgne (-2019)",0,0,0
"Sømna",1990,10,192
"Søndre Land",5579,8,659
"Søndre Land (-2019)",0,0,0
"Sør-Aurdal",2904,3,1068
"Sør-Aurdal (-2019)",0,0,0
"Sør-Fron",3064,4,712
"Sør-Fron (-2019)",0,0,0
"Sør-Odal",7914,17,479
"Sør-Odal (-2019)",0,0,0
"Sør-Trøndelag (-2017)",0,0,0
"Sør-Varanger",0,0,0
"Sør-Varanger (-2019)",0,0,0
"Sør-Varanger (2020-2023)",10103,3,3459
"Sørfold - Fuolldá",1912,1,1472
"Sørreisa",0,0,0
"Sørreisa (-2019)",0,0,0
"Sørreisa (2020-2023)",3465,10,347
"Sørum (-2019)",0,0,0
"Sørøysund (-1991)",0,0,0
"Telemark",0,0,0
"Telemark (-2019)",0,0,0
"Time",19106,112,171
"Tingvoll",2985,9,322
"Tinn",0,0,0
"Tinn (-2019)",0,0,0
"Tinn (2020-2023)",5604,3,1848
"Tjeldsund (1909-2019)",0,0,0
"Tjølling (-1987)",0,0,0
"Tjøme (-2017)",0,0,0
"Tokke",0,0,0
"Tokke (1964-2019)",0,0,0
"Tokke (2020-2023)",2164,2,905
"Tolga",1563,1,1097
"Tolga (-2019)",0,0,0
"Tolga-Os (1966-1975)",0,0,0
"Torsken (-2019)",0,0,0
"Tranøy (-2019)",0,0,0
"Troms - Romsa (-2019)",0,0,0
"Troms - Romsa - Tromssa",0,0,0
"Troms og Finnmark - Romsa ja Finnmárku (2020-2023)",242168,3,70927
"Tromsø",0,0,0
"Tromsø (-2019)",0,0,0
"Tromsø (2020-2023)",77095,31,2474
"Tromøy (-1991)",0,0,0
"Trondheim (-2017)",0,0,0
"Trondheim - Tråante",207595,419,496
"Trysil",6580,2,2941
"Trysil (-2019)",0,0,0
"Træna",442,28,16
"Trøgstad (-2019)",0,0,0
"Trøndelag - Trööndelage",471124,12,39493
"Tune (-1991)",0,0,0
"Tustna (-2005)",0,0,0
"Tvedestrand",6067,30,204
"Tvedestrand (-2019)",0,0,0
"Tydal",759,1,1217
"Tydal (-2017)",0,0,0
"Tynset",5537,3,1823
"Tynset (-2019)",0,0,0
"Tysnes",2924,12,245
"Tysnes (-2019)",0,0,0
"Tysvær",11178,28,400
"Tønsberg",0,0,0
"Tønsberg (-1987)",0,0,0
"Tønsberg (1988-2019)",0,0,0
"Tønsberg (2020-2023)",57026,175,326
"Ullensaker",0,0,0
"Ullensaker (-2019)",0,0,0
"Ullensaker (2020-2023)",40459,162,250
"Ullensvang",11002,4,2970
"Ullensvang (-1976)",0,0,0
"Ullensvang (1977-2019)",0,0,0
"Ulstein",8575,90,95
"Ulvik",1061,2,663
"Ulvik (-2019)",0,0,0
"Unjárga - Nesseby",0,0,0
"Unjárga - Nesseby (-2019)",0,0,0
"Unjárga - Nesseby (2020-2023)",880,1,1366
"Uoppgitt Jan Mayen",0,0,0
"Uoppgitt fylke",0,0,0
"Uoppgitt komm. Oslo",0,0,0
"Uoppgitt kommune",0,0,0
"Uoppgitt kommune Akershus",0,0,0
"Uoppgitt kommune Aust-Agder",0,0,0
"Uoppgitt kommune Buskerud",0,0,0
"Uoppgitt kommune Finnmark",0,0,0
"Uoppgitt kommune Hedmark",0,0,0
"Uoppgitt kommune Hordaland",0,0,0
"Uoppgitt kommune Møre og Romsdal",0,0,0
"Uoppgitt kommune Nord-Trøndelag",0,0,0
"Uoppgitt kommune Nordland",0,0,0
"Uoppgitt kommune Oppland",0,0,0
"Uoppgitt kommune Rogaland",0,0,0
"Uoppgitt kommune Sogn og Fjordane",0,0,0
"Uoppgitt kommune Svalbard",0,0,0
"Uoppgitt kommune Sør-Trøndelag",0,0,0
"Uoppgitt kommune Telemark",0,0,0
"Uoppgitt kommune Troms",0,0,0
"Uoppgitt kommune Vest-Agder",0,0,0
"Uoppgitt kommune Vestfold",0,0,0
"Uoppgitt kommune Østfold",0,0,0
"Utlandet",0,0,0
"Utlandet, uspesifisert",0,0,0
"Utsira",192,32,6
"Vadsø",0,0,0
"Vadsø (-2019)",0,0,0
"Vadsø (2020-2023)",5642,5,1234
"Vaksdal",3918,6,682
"Vaksdal (1964-2019)",0,0,0
"Valle",1169,1,1130
"Valle (-2019)",0,0,0
"Vang",1573,1,1310
"Vang (-1991)",0,0,0
"Vang (-2019)",0,0,0
"Vanylven",3083,8,365
"Vardø",0,0,0
"Vardø (-2019)",0,0,0
"Vardø (2020-2023)",1959,3,586
"Varteig (-1991)",0,0,0
"Vefsn",13268,7,1838
"Vega",1182,7,163
"Vegårshei",2128,7,322
"Vegårshei (-2019)",0,0,0
"Vennesla",14935,41,362
"Vennesla (-2019)",0,0,0
"Verdal",14986,10,1475
"Verdal (-2017)",0,0,0
"Verran (-2017)",0,0,0
"Verran (2018-2019)",0,0,0
"Vest-Agder (-2019)",0,0,0
"Vestby",0,0,0
"Vestby (-2019)",0,0,0
"Vestby (2020-2023)",18290,136,134
"Vestfold",0,0,0
"Vestfold (-2019)",0,0,0
"Vestfold og Telemark (2020-2023)",421882,26,15925
"Vestland",638821,20,31969
"Vestnes",6958,17,399
"Vestre Slidre",2120,5,415
"Vestre Slidre (-2019)",0,0,0
"Vestre Toten",13459,58,232
"Vestre Toten (-2019)",0,0,0
"Vestvågøy",11521,28,407
"Vevelstad",465,1,516
"Vik",2611,3,795
"Vik (-2019)",0,0,0
"Viken (2020-2023)",1252384,55,22768
"Vikna (-2017)",0,0,0
"Vikna (2018-2019)",0,0,0
"Vindafjord",8705,15,599
"Vindafjord (1965-2005)",0,0,0
"Vinje",0,0,0
"Vinje (-2019)",0,0,0
"Vinje (2020-2023)",3756,1,2725
"Volda",10781,13,834
"Volda (-2019)",0,0,0
"Voss",15787,8,1958
"Voss (-2019)",0,0,0
"Vågan",9670,21,460
"Vågsøy (1964-2019)",0,0,0
"Vågå",3564,3,1252
"Vågå (-2019)",0,0,0
"Våle (-2001)",0,0,0
"Våler (Hedmark) (-2019)",0,0,0
"Våler (Innlandet)",3587,5,678
"Våler (Viken) (2020-2023)",5805,24,239
"Våler (Østfold)",0,0,0
"Våler (Østfold) (-2019)",0,0,0
"Værøy",698,37,19
"Åfjord",4271,3,1251
"Åfjord (-2017)",0,0,0
"Åfjord (2018-2019)",0,0,0
"Ål",0,0,0
"Ål (-2019)",0,0,0
"Ål (2020-2023)",4648,4,1081
"Ålesund",0,0,0
"Ålesund (-1976)",0,0,0
"Ålesund (1977-2019)",0,0,0
"Ålesund (2020-2023)",66670,110,607
"Åmli",1822,2,1058
"Åmli (-2019)",0,0,0
"Åmot",4338,3,1293
"Åmot (-2019)",0,0,0
"Årdal",5170,6,930
"Årdal (-2019)",0,0,0
"Ås",0,0,0
"Ås (-2019)",0,0,0
"Ås (2020-2023)",20439,202,101
"Åsane (-1971)",0,0,0
"Åseral",927,1,797
"Åseral (-2019)",0,0,0
"Åsnes",7227,7,1004
"Åsnes (-2019)",0,0,0
"Øksnes",4416,14,311
"Ølen (1916-2001)",0,0,0
"Ølen (2002-2005)",0,0,0
"Ørland",10306,24,429
"Ørland (-2017)",0,0,0
"Ørland (2018-2019)",0,0,0
"Ørskog (-1976)",0,0,0
"Ørskog (1977-2019)",0,0,0
"Ørsta",10830,17,650
"Østfold",0,0,0
"Østfold (-2019)",0,0,0
"Østre Toten",14871,31,485
"Østre Toten (-2019)",0,0,0
"Øvre Eiker",0,0,0
"Øvre Eiker (-2019)",0,0,0
"Øvre Eiker (2020-2023)",19709,47,418
"Øyer",5093,8,616
"Øyer (-2019)",0,0,0
"Øyestad (-1991)",0,0,0
"Øygarden",38664,129,300
"Øygarden (1964-2019)",0,0,0
"Øystre Slidre",3236,4,886
"Øystre Slidre (-2019)",0,0,0
