"region","median_inntekt"
"Hele landet",566000
"Østfold",NA
"Halden",NA
"Moss",NA
"Sarpsborg",NA
"Fredrikstad",NA
"Hvaler",NA
"Råde",NA
"Våler (Østfold)",NA
"Skiptvet",NA
"Indre Østfold",NA
"Rakkestad",NA
"Marker",NA
"Aremark",NA
"Akershus",NA
"Bærum",NA
"Asker",NA
"Lillestrøm",NA
"Nordre Follo",NA
"Ullensaker",NA
"Nesodden",NA
"Frogn",NA
"Vestby",NA
"Ås",NA
"Enebakk",NA
"Lørenskog",NA
"Rælingen",NA
"Aurskog-Høland",NA
"Nes",NA
"Gjerdrum",NA
"Nittedal",NA
"Lunner",NA
"Jevnaker",NA
"Nannestad",NA
"Eidsvoll",NA
"Hurdal",NA
"Viken (2020-2023)",595000
"Østfold (-2019)",NA
"Halden (2020-2023)",517000
"Moss (2020-2023)",537000
"Sarpsborg (2020-2023)",533000
"Fredrikstad (2020-2023)",541000
"Drammen (2020-2023)",551000
"Kongsberg (2020-2023)",582000
"Ringerike (2020-2023)",529000
"Hvaler (2020-2023)",610000
"Aremark (2020-2023)",555000
"Marker (2020-2023)",525000
"Indre Østfold (2020-2023)",548000
"Skiptvet (2020-2023)",576000
"Rakkestad (2020-2023)",549000
"Råde (2020-2023)",622000
"Våler (Viken) (2020-2023)",650000
"Vestby (2020-2023)",661000
"Nordre Follo (2020-2023)",689000
"Ås (2020-2023)",604000
"Frogn (2020-2023)",650000
"Nesodden (2020-2023)",670000
"Bærum (2020-2023)",704000
"Asker (2020-2023)",692000
"Aurskog-Høland (2020-2023)",562000
"Rælingen (2020-2023)",626000
"Enebakk (2020-2023)",631000
"Lørenskog (2020-2023)",599000
"Lillestrøm (2020-2023)",615000
"Nittedal (2020-2023)",687000
"Gjerdrum (2020-2023)",681000
"Ullensaker (2020-2023)",575000
"Nes (2020-2023)",607000
"Eidsvoll (2020-2023)",582000
"Nannestad (2020-2023)",606000
"Hurdal (2020-2023)",530000
"Hole (2020-2023)",649000
"Flå (2020-2023)",487000
"Nesbyen (2020-2023)",537000
"Gol (2020-2023)",501000
"Hemsedal (2020-2023)",531000
"Ål (2020-2023)",546000
"Hol (2020-2023)",539000
"Sigdal (2020-2023)",532000
"Krødsherad (2020-2023)",509000
"Modum (2020-2023)",535000
"Øvre Eiker (2020-2023)",576000
"Lier (2020-2023)",643000
"Flesberg (2020-2023)",592000
"Rollag (2020-2023)",516000
"Nore og Uvdal (2020-2023)",517000
"Jevnaker (2020-2023)",566000
"Lunner (2020-2023)",606000
"Halden (-2019)",NA
"Sarpsborg (-1991)",NA
"Fredrikstad (-1993)",NA
"Moss (-2019)",NA
"Sarpsborg (1992-2019)",NA
"Fredrikstad (1994-2019)",NA
"Hvaler (-2019)",NA
"Borge (-1993)",NA
"Varteig (-1991)",NA
"Skjeberg (-1991)",NA
"Berg  (-1966)",NA
"Idd (-1966)",NA
"Aremark (-2019)",NA
"Marker (1964-2019)",NA
"Rømskog (-2019)",NA
"Trøgstad (-2019)",NA
"Spydeberg (-2019)",NA
"Askim (-2019)",NA
"Eidsberg (-2019)",NA
"Skiptvet (-2019)",NA
"Rakkestad (-2019)",NA
"Tune (-1991)",NA
"Rolvsøy (1911-1993)",NA
"Kråkerøy (1908-1993)",NA
"Onsøy (-1993)",NA
"Råde (-2019)",NA
"Rygge (-2019)",NA
"Våler (Østfold) (-2019)",NA
"Hobøl (-2019)",NA
"Uoppgitt kommune Østfold",NA
"Akershus (-2019)",NA
"Vestby (-2019)",NA
"Ski (1931-2019)",NA
"Ås (-2019)",NA
"Frogn (-2019)",NA
"Nesodden (-2019)",NA
"Oppegård (1915-2019)",NA
"Bærum (-2019)",NA
"Asker (-2019)",NA
"Aurskog-Høland (1966-2019)",NA
"Sørum (-2019)",NA
"Fet (-2019)",NA
"Rælingen (1929-2019)",NA
"Enebakk (-2019)",NA
"Lørenskog (1908-2019)",NA
"Skedsmo (-2019)",NA
"Nittedal (-2019)",NA
"Gjerdrum (-2019)",NA
"Ullensaker (-2019)",NA
"Nes (Akershus) (-2019)",NA
"Eidsvoll (-2019)",NA
"Nannestad (-2019)",NA
"Hurdal (-2019)",NA
"Uoppgitt kommune Akershus",NA
"Oslo",525000
"Oslo",525000
"Sentrum 1",376000
"Gamle Oslo",490000
"Sentrum 2",414000
"Grünerløkka",481000
"Sentrum 3",456000
"Sagene",490000
"Filipstad",713000
"St. Hanshaugen",461000
"Skillebekk",504000
"Frogner",495000
"Frogner",535000
"Ullern",684000
"Uranienborg",506000
"Vestre Aker",752000
"Homansbyen",437000
"Nordre Aker",618000
"Majorstuen",479000
"Bjerke",526000
"Marienlyst",464000
"Grorud",479000
"Fagerborg",501000
"Stovner",511000
"St.hanshaugen",483000
"Alna",499000
"Gamle Aker",458000
"Østensjø",569000
"Ila",483000
"Nordstrand",646000
"Lindern",409000
"Søndre Nordstrand",556000
"Sagene",498000
"Sentrum",362000
"Bjølsen",435000
"Marka",657000
"Sandaker",550000
"Åsen",510000
"Torshov",478000
"Sinsen",460000
"Rodeløkka",470000
"Grünerløkka",451000
"Tøyen",462000
"Grønland",413000
"Kampen",451000
"Vålerenga",471000
"Gamlebyen",484000
"Loenga",721000
"Bekkelaget",763000
"Nordstrand",747000
"Ljansbyen",552000
"Rudene",597000
"Langerud",511000
"Manglerud",591000
"Østensjø",594000
"Alfaset",509000
"Ulsholt",514000
"Fossum",505000
"Grorud",481000
"Bjerke",541000
"Ulven",530000
"Hasle",595000
"Grefsenlia",633000
"Tåsen",671000
"Ris",591000
"Borgen",741000
"Huseby",661000
"Holmen",708000
"Holmenkollen",812000
"Sørkedalen",618000
"Røabyen",733000
"Lilleaker",691000
"Ullern",666000
"Skøyen",673000
"Bygdøy",743000
"Øyene",NA
"Østmarka",NA
"Grefsenmarka",853000
"Nordmarka",683000
"Uoppgitt bydel Oslo",NA
"Buskerud",NA
"Uoppgitt komm. Oslo",NA
"Drammen",NA
"Kongsberg",NA
"Ringerike",NA
"Hole",NA
"Lier",NA
"Øvre Eiker",NA
"Modum",NA
"Krødsherad",NA
"Flå",NA
"Nesbyen",NA
"Gol",NA
"Hemsedal",NA
"Ål",NA
"Hol",NA
"Sigdal",NA
"Flesberg",NA
"Rollag",NA
"Nore og Uvdal",NA
"Innlandet",528000
"Hedmark (-2019)",NA
"Kongsvinger",501000
"Hamar",539000
"Lillehammer",554000
"Gjøvik",520000
"Ringsaker",550000
"Løten",562000
"Stange",563000
"Nord-Odal",512000
"Sør-Odal",572000
"Eidskog",482000
"Grue",477000
"Åsnes",488000
"Våler (Innlandet)",487000
"Elverum",536000
"Trysil",484000
"Åmot",484000
"Stor-Elvdal",438000
"Rendalen",464000
"Engerdal",524000
"Tolga",513000
"Tynset",557000
"Alvdal",581000
"Folldal",514000
"Os",536000
"Dovre",503000
"Lesja",536000
"Skjåk",532000
"Lom",531000
"Vågå",527000
"Nord-Fron",507000
"Sel",512000
"Sør-Fron",516000
"Ringebu",511000
"Øyer",532000
"Gausdal",542000
"Østre Toten",543000
"Vestre Toten",529000
"Gran",559000
"Søndre Land",508000
"Nordre Land",500000
"Sør-Aurdal",476000
"Etnedal",457000
"Nord-Aurdal",501000
"Vestre Slidre",520000
"Øystre Slidre",533000
"Vang",533000
"Hamar (-1991)",NA
"Kongsvinger (-2019)",NA
"Hamar (1992-2019)",NA
"Ringsaker (-2019)",NA
"Vang (-1991)",NA
"Løten (-2019)",NA
"Stange (-2019)",NA
"Nord-Odal (-2019)",NA
"Sør-Odal (-2019)",NA
"Eidskog (-2019)",NA
"Grue (-2019)",NA
"Åsnes (-2019)",NA
"Våler (Hedmark) (-2019)",NA
"Elverum (-2019)",NA
"Trysil (-2019)",NA
"Åmot (-2019)",NA
"Stor-Elvdal (-2019)",NA
"Rendalen (1965-2019)",NA
"Engerdal (1911-2019)",NA
"Tolga-Os (1966-1975)",NA
"Tolga (-2019)",NA
"Tynset (-2019)",NA
"Alvdal (-2019)",NA
"Folldal (1914-2019)",NA
"Os (Hedmark) (1976-2019)",NA
"Uoppgitt kommune Hedmark",NA
"Oppland (-2019)",NA
"Lillehammer (-2019)",NA
"Gjøvik (-2019)",NA
"Dovre (-2019)",NA
"Lesja (-2019)",NA
"Skjåk (-2019)",NA
"Lom (-2019)",NA
"Vågå (-2019)",NA
"Nord-Fron (1977-2019)",NA
"Sel (1908-2019)",NA
"Fron (1966-1976)",NA
"Sør-Fron (-2019)",NA
"Ringebu (-2019)",NA
"Øyer (-2019)",NA
"Gausdal (1962-2019)",NA
"Østre Toten (-2019)",NA
"Vestre Toten (-2019)",NA
"Jevnaker (-2019)",NA
"Lunner (-2019)",NA
"Gran (-2019)",NA
"Søndre Land (-2019)",NA
"Nordre Land (-2019)",NA
"Sør-Aurdal (-2019)",NA
"Etnedal (-2019)",NA
"Nord-Aurdal (-2019)",NA
"Vestre Slidre (-2019)",NA
"Øystre Slidre (-2019)",NA
"Vang (-2019)",NA
"Uoppgitt kommune Oppland",NA
"Buskerud (-2019)",NA
"Vestfold og Telemark (2020-2023)",548000
"Horten (2020-2023)",543000
"Holmestrand (2020-2023)",585000
"Tønsberg (2020-2023)",551000
"Sandefjord (2020-2023)",541000
"Larvik (2020-2023)",543000
"Porsgrunn (2020-2023)",545000
"Skien (2020-2023)",538000
"Notodden (2020-2023)",520000
"Færder (2020-2023)",588000
"Siljan (2020-2023)",644000
"Bamble (2020-2023)",604000
"Kragerø (2020-2023)",518000
"Drangedal (2020-2023)",526000
"Nome (2020-2023)",533000
"Midt-Telemark (2020-2023)",533000
"Tinn (2020-2023)",514000
"Hjartdal (2020-2023)",559000
"Seljord (2020-2023)",536000
"Kviteseid (2020-2023)",539000
"Nissedal (2020-2023)",556000
"Fyresdal (2020-2023)",519000
"Tokke (2020-2023)",542000
"Vinje (2020-2023)",554000
"Ringerike (1964-1976)",NA
"Drammen (-2019)",NA
"Kongsberg (-2019)",NA
"Ringerike (1977-2019)",NA
"Hole (1977-2019)",NA
"Flå (-2019)",NA
"Nes (Buskerud) (-2019)",NA
"Gol (-2019)",NA
"Hemsedal (-2019)",NA
"Ål (-2019)",NA
"Hol (-2019)",NA
"Sigdal (-2019)",NA
"Krødsherad (-2019)",NA
"Modum (-2019)",NA
"Øvre Eiker (-2019)",NA
"Nedre Eiker (-2019)",NA
"Lier (-2019)",NA
"Røyken (-2019)",NA
"Hurum (-2019)",NA
"Flesberg (-2019)",NA
"Rollag (-2019)",NA
"Nore og Uvdal (1962-2019)",NA
"Vestfold",NA
"Uoppgitt kommune Buskerud",NA
"Horten",NA
"Holmestrand",NA
"Tønsberg",NA
"Sandefjord",NA
"Larvik",NA
"Færder",NA
"Telemark",NA
"Porsgrunn",NA
"Skien",NA
"Notodden",NA
"Siljan",NA
"Bamble",NA
"Kragerø",NA
"Drangedal",NA
"Nome",NA
"Midt-Telemark",NA
"Seljord",NA
"Hjartdal",NA
"Tinn",NA
"Kviteseid",NA
"Nissedal",NA
"Fyresdal",NA
"Tokke",NA
"Vinje",NA
"Vestfold (-2019)",NA
"Horten (2002-2019)",NA
"Holmestrand (-2017)",NA
"Horten (-1987)",NA
"Tønsberg (1988-2019)",NA
"Tønsberg (-1987)",NA
"Sandefjord (-2016)",NA
"Larvik (-1987)",NA
"Stavern (1944-1987)",NA
"Larvik (1988-2017)",NA
"Sandefjord (2017-2019)",NA
"Svelvik (1964-2019)",NA
"Larvik (2018-2019)",NA
"Sande (Vestfold) (-2019)",NA
"Hof (-2017)",NA
"Holmestrand (2018-2019)",NA
"Re (2002-2019)",NA
"Våle (-2001)",NA
"Borre (-1987)",NA
"Ramnes (-2001)",NA
"Andebu (-2016)",NA
"Stokke (-2016)",NA
"Sem (-1987)",NA
"Nøtterøy (-2017)",NA
"Tjøme (-2017)",NA
"Sandar (-1967)",NA
"Tjølling (-1987)",NA
"Brunlanes (-1987)",NA
"Hedrum (-1987)",NA
"Lardal (-2017)",NA
"Færder (2018-2019)",NA
"Uoppgitt kommune Vestfold",NA
"Telemark (-2019)",NA
"Porsgrunn (-2019)",NA
"Skien (-2019)",NA
"Notodden (1913-2019)",NA
"Siljan (-2019)",NA
"Bamble (-2019)",NA
"Kragerø (1960-2019)",NA
"Drangedal (-2019)",NA
"Nome (1964-2019)",NA
"Bø (Telemark) (-2019)",NA
"Sauherad (-2019)",NA
"Tinn (-2019)",NA
"Hjartdal (-2019)",NA
"Seljord (-2019)",NA
"Kviteseid (-2019)",NA
"Nissedal (-2019)",NA
"Fyresdal (-2019)",NA
"Tokke (1964-2019)",NA
"Vinje (-2019)",NA
"Uoppgitt kommune Telemark",NA
"Agder",554000
"Aust-Agder (-2019)",NA
"Risør",519000
"Grimstad",566000
"Arendal",538000
"Kristiansand",554000
"Lindesnes",554000
"Farsund",562000
"Flekkefjord",568000
"Gjerstad",504000
"Vegårshei",552000
"Tvedestrand",540000
"Froland",577000
"Lillesand",614000
"Birkenes",590000
"Åmli",509000
"Iveland",578000
"Evje og Hornnes",524000
"Bygland",515000
"Valle",571000
"Bykle",525000
"Vennesla",549000
"Åseral",580000
"Lyngdal",566000
"Hægebostad",630000
"Kvinesdal",553000
"Sirdal",626000
"Risør (-2019)",NA
"Arendal (-1991)",NA
"Grimstad (-2019)",NA
"Arendal (1992-2019)",NA
"Gjerstad (-2019)",NA
"Vegårshei (-2019)",NA
"Tvedestrand (-2019)",NA
"Moland (1962-1991)",NA
"Froland (-2019)",NA
"Øyestad (-1991)",NA
"Tromøy (-1991)",NA
"Hisøy (-1991)",NA
"Fjære (-1970)",NA
"Landvik (-1970)",NA
"Lillesand (1962-2019)",NA
"Birkenes (-2019)",NA
"Åmli (-2019)",NA
"Mykland (-1966)",NA
"Herefoss (-1966)",NA
"Iveland (-2019)",NA
"Evje og Hornnes (1960-2019)",NA
"Bygland (-2019)",NA
"Valle (-2019)",NA
"Bykle (-2019)",NA
"Uoppgitt kommune Aust-Agder",NA
"Vest-Agder (-2019)",NA
"Kristiansand (-2019)",NA
"Mandal (-2019)",NA
"Farsund (-2019)",NA
"Flekkefjord (-2019)",NA
"Vennesla (-2019)",NA
"Songdalen (1964-2019)",NA
"Søgne (-2019)",NA
"Marnardal (1964-2019)",NA
"Åseral (-2019)",NA
"Audnedal (1964-2019)",NA
"Lindesnes (1964-2019)",NA
"Lyngdal (-2019)",NA
"Hægebostad (-2019)",NA
"Kvinesdal (-2019)",NA
"Sirdal (1960-2019)",NA
"Uoppgitt kommune Vest-Agder",NA
"Rogaland",617000
"Eigersund",604000
"Eigerøy",706000
"Hellvik",665000
"Eie",555000
"Egersund",565000
"Mong",693000
"Helleland",648000
"Sandnes (-2019)",NA
"Stavanger",609000
"Hundvåg",693000
"Buøy",628000
"Tasta",662000
"Johannes",453000
"Eiganes/Våland",588000
"Nylund",542000
"Madla",660000
"Varden",554000
"Storhaug",495000
"Bergjeland",447000
"Hillevåg",544000
"Våland",584000
"Hinna",719000
"Ullandhaug",582000
"Finnøy",619000
"Eiganes",530000
"Rennesøy",717000
"Kampen",546000
"Finnøy",619000
"Øyene",767000
"Hundvåg",695000
"Rennesøy",652000
"Bru - Sokn - Mosterøy",815000
"Jåtten",705000
"Vaulen",743000
"Kvalberg",518000
"Tjensvoll",487000
"Stokka",775000
"Madlamark",754000
"Hafrsfjord",730000
"Kvernevik",634000
"Sunde",720000
"Indre Tasta",693000
"Ytre Tasta",660000
"Uoppgitt bydel Stavanger",NA
"Haugesund",526000
"Sakkestad",550000
"Rossabø",645000
"Håvåsen",467000
"Øyene",446000
"Sentrum",355000
"Flotmyr",454000
"Solvang",603000
"Hauge",483000
"Gard",645000
"Sandnes",636000
"Sentrum",428000
"Stokke - Lura - Trones",605000
"Soma - Stangeland",687000
"Malmheim - Åse",700000
"Lunde - Skjeveland",696000
"Austrått - Høyland",685000
"Hana - Vatne - Gramstad",588000
"Figgjo - Bråstein",690000
"Riska",709000
"Bersagel - Høle",694000
"Forsand",636000
"Sokndal",584000
"Sokndal",584000
"Lund",594000
"Moi",577000
"Hovsherad",631000
"Ualand",604000
"Bjerkreim",681000
"Bjerkreim",681000
"Hå",622000
"Høyland",501000
"Nærbø",628000
"Varhaug",615000
"Vigrestad",642000
"Ogna",651000
"Klepp",655000
"Bore",694000
"Klepp",585000
"Orre",680000
"Tu",679000
"Engelsvoll",724000
"Time",635000
"Bryne",543000
"Rosseland",642000
"Hognestad - Vestly",754000
"Frøyland",671000
"Undheim - Eikeland",730000
"Gjesdal",685000
"Ålgård - Bygda",681000
"Oltedal",698000
"Indre Del",749000
"Sola",692000
"Tananger",717000
"Sola",693000
"Håland",773000
"Dysjaland",659000
"Stangeland",642000
"Røyneberg - Grannes",714000
"Randaberg",679000
"Goa",698000
"Grødem",777000
"Harastad - Rygg",605000
"Viste - Bø - Tunge",666000
"Forsand (-2019)",NA
"Strand",638000
"Jørpeland",619000
"Tau",670000
"Hjelmeland",628000
"Hjelmeland",628000
"Suldal",622000
"Sand",548000
"Suldal",669000
"Erfjord - Jelsa",670000
"Sauda",565000
"Saudasjøen",675000
"Fløgstad",461000
"Åbø",483000
"Ausarheim",736000
"Birkeland",570000
"Finnøy (-2019)",NA
"Rennesøy (-2019)",NA
"Kvitsøy",697000
"Kvitsøy",697000
"Bokn",622000
"Bokn",624000
"Tysvær",661000
"Førdesfjorden",655000
"Tysvær",696000
"Nedstrand",626000
"Karmøy",611000
"Vedavågen",669000
"Sevland",636000
"Åkra",576000
"Ferkingstad",599000
"Skudenes",597000
"Kopervik",590000
"Håvik",601000
"Avaldsnes",578000
"Torvastad",610000
"Fastlandssiden",659000
"Utsira",643000
"Utsira",643000
"Vindafjord (1965-2005)",NA
"Ølen (2002-2005)",NA
"Vindafjord",602000
"Skjold",639000
"Vats",612000
"Sandeid",578000
"Vikedal",601000
"Imsland",617000
"Ølen",575000
"Bjoa - Vikebygd",605000
"Uoppgitt kommune Rogaland",NA
"Vestland",586000
"Hordaland (-2019)",NA
"Bergen",553000
"Kinn",601000
"Etne",586000
"Sveio",625000
"Bømlo",645000
"Stord",606000
"Fitjar",645000
"Tysnes",568000
"Kvinnherad",605000
"Ullensvang",560000
"Eidfjord",591000
"Ulvik",568000
"Voss",575000
"Kvam",600000
"Samnanger",612000
"Bjørnafjorden",648000
"Austevoll",699000
"Øygarden",658000
"Askøy",687000
"Vaksdal",556000
"Modalen",615000
"Osterøy",597000
"Alver",629000
"Austrheim",614000
"Fedje",545000
"Masfjorden",629000
"Gulen",568000
"Solund",606000
"Hyllestad",512000
"Høyanger",559000
"Vik",582000
"Sogndal",608000
"Aurland",557000
"Lærdal",576000
"Årdal",577000
"Luster",586000
"Askvoll",575000
"Fjaler",495000
"Sunnfjord",623000
"Bremanger",566000
"Stad",604000
"Gloppen",595000
"Stryn",566000
"Bergen (1972-2019)",NA
"Arna (-2019)",NA
"Bergenhus (-2019)",NA
"Fana (-2019)",NA
"Fyllingsdalen (-2019)",NA
"Laksevåg (-2019)",NA
"Ytrebygda (-2019)",NA
"Årstad (-2019)",NA
"Åsane (-2019)",NA
"Uoppgitt bydel Bergen (-2019)",NA
"Etne (-2019)",NA
"Ølen (1916-2001)",NA
"Sveio (-2019)",NA
"Bømlo (1916-2019)",NA
"Stord (-2019)",NA
"Fitjar (-2019)",NA
"Tysnes (-2019)",NA
"Kvinnherad (-2019)",NA
"Jondal (-2019)",NA
"Odda (1913-2019)",NA
"Ullensvang (-1976)",NA
"Ullensvang (1977-2019)",NA
"Eidfjord (-2019)",NA
"Ulvik (-2019)",NA
"Granvin (-2019)",NA
"Voss (-2019)",NA
"Kvam (-2019)",NA
"Fusa (-2019)",NA
"Samnanger (1907-2019)",NA
"Os (Hordaland) (-2019)",NA
"Austevoll (-2019)",NA
"Sund (-2019)",NA
"Fjell (-2019)",NA
"Askøy (-2019)",NA
"Laksevåg (1918-1971)",NA
"Fana (-1971)",NA
"Arna (1964-1971)",NA
"Vaksdal (1964-2019)",NA
"Modalen (1910-2019)",NA
"Osterøy (1964-2019)",NA
"Åsane (-1971)",NA
"Meland (1924-2019)",NA
"Øygarden (1964-2019)",NA
"Radøy (1964-2019)",NA
"Lindås (-2019)",NA
"Austrheim (1910-2019)",NA
"Fedje (1948-2019)",NA
"Masfjorden (-2019)",NA
"Uoppgitt kommune Hordaland",NA
"Bergen (-1971)",NA
"Bergen (-1971)",NA
"Sogn og Fjordane (-2019)",NA
"Flora (1964-2019)",NA
"Gulen (-2019)",NA
"Solund (-2019)",NA
"Hyllestad (-2019)",NA
"Høyanger (1964-2019)",NA
"Vik (-2019)",NA
"Balestrand (-2019)",NA
"Leikanger (-2019)",NA
"Sogndal (-2019)",NA
"Aurland (-2019)",NA
"Lærdal (-2019)",NA
"Årdal (-2019)",NA
"Luster (-2019)",NA
"Askvoll (-2019)",NA
"Fjaler (-2019)",NA
"Gaular (-2019)",NA
"Jølster (-2019)",NA
"Førde (-2019)",NA
"Naustdal (-2019)",NA
"Bremanger (-2019)",NA
"Vågsøy (1964-2019)",NA
"Selje (-2019)",NA
"Eid (-2019)",NA
"Hornindal (-2019)",NA
"Gloppen (-2019)",NA
"Stryn (-1976)",NA
"Stryn (1977-2019)",NA
"Uoppgitt kommune Sogn og Fjordane",NA
"Møre og Romsdal",577000
"Ålesund (-1976)",NA
"Molde (-2019)",NA
"Kristiansund  (-2007)",NA
"Ålesund (1977-2019)",NA
"Kristiansund",528000
"Innlandet",539000
"Kirkelandet Sentrum",381000
"Vestre Bydel",391000
"Kringsjå",504000
"Nordre Bydel",528000
"Gomalandet",482000
"Teistholmen",501000
"Nordlandet",483000
"Dale",762000
"Frei",674000
"Rensvik",690000
"Bjerkelund",702000
"Molde",574000
"Haukebøen",589000
"Reknes",497000
"Moldegård",532000
"Fuglset",574000
"Røbekk",640000
"Kleive",553000
"Skåla",652000
"Nesset",578000
"Eresfjord - Vistdal",562000
"Midsund",569000
"Ålesund (2020-2023)",579000
"Hessøy",612000
"Aspøy",403000
"Nørvøy Ytre",428000
"Nørvøy Indre",551000
"Nørvasund",668000
"Åse - Lerstad",650000
"Spjelkavik",558000
"Blindheim",780000
"Emblem",761000
"Ellingsøy",726000
"Fjørtoft - Haram",554000
"Haram",534000
"Vatne",647000
"Hamnsund",657000
"Skodje",682000
"Ørskog",586000
"Sandøy",589000
"Ålesund",NA
"Vanylven",586000
"Vanylven",597000
"Syvde",565000
"Åram",614000
"Sande",543000
"Fastlandet",524000
"Gurskøy",553000
"Herøy (Møre og Romsdal)",625000
"Ytre Herøy 1",599000
"Ytre Herøy 2",718000
"Indre Herøy",613000
"Ulstein",611000
"Ytre Ulstein",598000
"Indre Ulstein",647000
"Hareid",579000
"Hjørungvåg",617000
"Hareid",548000
"Bigset",651000
"Volda (-2019)",NA
"Ørsta",584000
"Hovdebygda",623000
"Ørsta",554000
"Dalane",644000
"Hjørundfjord",576000
"Vartdal",634000
"Ørskog (1977-2019)",NA
"Norddal (-2019)",NA
"Stranda",591000
"Stranda - Liabygda",598000
"Synnylven - Geiranger",563000
"Stordal (-2019)",NA
"Ørskog (-1976)",NA
"Sykkylven",598000
"Sørestranda - Velledalen",631000
"Sykkylven",579000
"Skodje (-2019)",NA
"Sula",637000
"Langevåg",595000
"Indre Sula",691000
"Giske",679000
"Godøy - Giske",702000
"Valderøy",692000
"Vigra",647000
"Haram (-2019)",NA
"Vestnes",564000
"Tomrefjord",578000
"Vestnes",566000
"Tresfjord",556000
"Rauma",548000
"Sørsida",601000
"Nordsida",578000
"Isfjorden",601000
"Romsdalen",497000
"Nesset (-2019)",NA
"Midsund (1965-2019)",NA
"Sandøy (-2019)",NA
"Aukra",601000
"Aukra",602000
"Fræna (-2019)",NA
"Eide (-2019)",NA
"Averøy",618000
"Nordre Averøy",652000
"Indre Averøy",611000
"Vestre Averøy",602000
"Ytre Averøy",579000
"Midtre Averøy",595000
"Frei (-2007)",NA
"Gjemnes",582000
"Ytre Gjemnes",588000
"Indre Gjemnes",580000
"Tingvoll",562000
"Tingvoll",563000
"Straumsnes",562000
"Sunndal",564000
"Sunndal",689000
"Sunndalsøra",509000
"Øksendal",647000
"Ålvundeid - Ålvundfjord",656000
"Surnadal",544000
"Mo",536000
"Ranes",525000
"Øye",599000
"Åsskard",521000
"Stangvik",658000
"Todalen",572000
"Rindal (-2018)",NA
"Aure (-2005)",NA
"Halsa (-2019)",NA
"Tustna (-2005)",NA
"Smøla",521000
"Smøla",521000
"Aure",551000
"Aure",561000
"Tustna",537000
"Volda",566000
"Dalsfjord",601000
"Folkestad - Bjørkedal",566000
"Austefjord",607000
"Volda",543000
"Mork - Berknes",687000
"Hornindal",625000
"Fjord",547000
"Stordal",521000
"Norddal",565000
"Hustadvika",585000
"Stavik - Løset",641000
"Søre Fræna",654000
"Haukås",553000
"Sylte - Malme",621000
"Farstad",564000
"Hustad",590000
"Bud",562000
"Eide",586000
"Haram",NA
"Uoppgitt kommune Møre og Romsdal",NA
"Trøndelag - Trööndelage",561000
"Sør-Trøndelag (-2017)",NA
"Trondheim - Tråante",553000
"Steinkjer (2018-2019)",NA
"Namsos (2018-2019)",NA
"Steinkjer",539000
"Namsos - Nåavmesjenjaelmie",558000
"Hemne (2018-2019)",NA
"Snillfjord (2018-2019)",NA
"Hitra (2018-2019)",NA
"Frøya",549000
"Ørland (2018-2019)",NA
"Agdenes (2018-2019)",NA
"Bjugn (2018-2019)",NA
"Åfjord (2018-2019)",NA
"Roan (2018-2019)",NA
"Osen",502000
"Oppdal",546000
"Rennebu",536000
"Meldal (2018-2019)",NA
"Orkdal (2018-2019)",NA
"Røros - Rosse",539000
"Holtålen",560000
"Midtre Gauldal",554000
"Melhus",613000
"Skaun",675000
"Klæbu (2018-2019)",NA
"Malvik",668000
"Selbu",571000
"Tydal",547000
"Meråker",503000
"Stjørdal",582000
"Frosta",574000
"Levanger - Levangke",578000
"Verdal",541000
"Verran (2018-2019)",NA
"Namdalseid (2018-2019)",NA
"Snåase - Snåsa",549000
"Lierne",555000
"Raarvihke - Røyrvik",533000
"Namsskogan",497000
"Grong",533000
"Høylandet",568000
"Overhalla",627000
"Fosnes (2018-2019)",NA
"Flatanger",588000
"Vikna (2018-2019)",NA
"Nærøy (2018-2019)",NA
"Leka",541000
"Inderøy",599000
"Indre Fosen",551000
"Heim",557000
"Hitra",521000
"Ørland",544000
"Åfjord",550000
"Orkland",557000
"Nærøysund",566000
"Rindal",577000
"Trondheim (-2017)",NA
"Midtbyen (2005-2017)",NA
"Østbyen (2005-2017)",NA
"Lerkendal (2005-2017)",NA
"Heimdal (2005-2017)",NA
"Uoppgitt bydel Trondheim (2005-2017)",NA
"Hemne (-2017)",NA
"Snillfjord (1924-2017)",NA
"Hitra (-2017)",NA
"Frøya (1964-2017)",NA
"Ørland (-2017)",NA
"Agdenes (-2017)",NA
"Rissa (-2017)",NA
"Bjugn (-2017)",NA
"Åfjord (-2017)",NA
"Roan (-2017)",NA
"Osen (-2017)",NA
"Oppdal (-2017)",NA
"Rennebu (-2017)",NA
"Meldal (-2017)",NA
"Orkdal (-2017)",NA
"Røros (-2017)",NA
"Holtålen (1972-2017)",NA
"Haltdalen (-1971)",NA
"Midtre Gauldal (1964-2017)",NA
"Melhus (-2017)",NA
"Skaun (-2017)",NA
"Klæbu (-2017)",NA
"Malvik (-2017)",NA
"Selbu (-2017)",NA
"Tydal (-2017)",NA
"Uoppgitt kommune Sør-Trøndelag",NA
"Nord-Trøndelag (-2017)",NA
"Steinkjer (-2017)",NA
"Namsos (-2017)",NA
"Meråker (-2017)",NA
"Stjørdal (-2017)",NA
"Frosta (-2017)",NA
"Leksvik (-2017)",NA
"Levanger (1962-2017)",NA
"Verdal (-2017)",NA
"Mosvik  (-2011)",NA
"Verran (-2017)",NA
"Namdalseid (-2017)",NA
"Inderøy (-2011)",NA
"Snåase - Snåsa (-2017)",NA
"Lierne (1964-2017)",NA
"Raarvihke - Røyrvik (1923-2017)",NA
"Namsskogan (1923-2017)",NA
"Grong (-2017)",NA
"Høylandet (-2017)",NA
"Overhalla (-2017)",NA
"Fosnes (-2017)",NA
"Flatanger (-2017)",NA
"Vikna (-2017)",NA
"Nærøy (-2017)",NA
"Leka (-2017)",NA
"Inderøy (2012-2017)",NA
"Uoppgitt kommune Nord-Trøndelag",NA
"Nordland - Nordlánnda",552000
"Bodø",586000
"Sentrum",473000
"Vestbyen",613000
"Østbyen",468000
"Rønvik",554000
"Saltvern",615000
"Alstad",692000
"Hunstad",667000
"Støver",588000
"Nordstranda",630000
"Løding",718000
"Saltstraumen",595000
"Skjerstad",505000
"Narvik (-2019)",NA
"Narvik",548000
"Bjerkvik",552000
"Rombaken",592000
"Fossestua",601000
"Skistua",610000
"Oskarsborg",428000
"Vassvik - Taraldsvik",585000
"Frydenlund",494000
"Framnes",530000
"Kleiva",515000
"Fagernes - Kvitsandøyra",518000
"Beisfjord",776000
"Ankenesstrand",641000
"Håkvik - Vidrek",776000
"Skjomen",611000
"Ballangen",531000
"Tysfjord Nord",473000
"Bindal",538000
"Bindal",538000
"Sømna",539000
"Sømna",539000
"Brønnøy",572000
"Velfjord",528000
"Brønnøy",634000
"Brønnøy Midtre",557000
"Brønnøy (-1976)",NA
"Vega",563000
"Vega",564000
"Vevelstad",508000
"Vevelstad",509000
"Herøy (Nordland)",551000
"Herøy",551000
"Alstahaug",555000
"Alstahaug - Tjøtta",574000
"Sandnessjøen",551000
"Leirfjord",568000
"Leirfjord",569000
"Vefsn",535000
"Drevja - Skaland",601000
"Halsøy - Åsbyen - Marka",595000
"Mosjøen",410000
"Olderskogen - Remma - Bjørnådalen",570000
"Grane",525000
"Grane",527000
"Aarborte - Hattfjelldal",509000
"Hattfjelldal",509000
"Dønna",528000
"Dønna",527000
"Nesna",525000
"Nesna",525000
"Hemnes",529000
"Hemnes",528000
"Korgen",531000
"Rana - Raane",565000
"Dalselv",692000
"Mo",473000
"Gruben",555000
"Selfors",528000
"Røssvoll",657000
"Dunderlandsdalen",590000
"Båsmoen",714000
"Utskarpen",606000
"Lurøy",542000
"Lurøy",542000
"Træna",491000
"Træna",491000
"Rødøy",571000
"Rødøy",571000
"Meløy",574000
"Nordre Meløy",578000
"Søndre Meløy",576000
"Glomfjord",569000
"Gildeskål",533000
"Søndre Gildeskål",549000
"Nordre Gildeskål",505000
"Beiarn",501000
"Beiarn",501000
"Saltdal",561000
"Nedre Saltdal",581000
"Øvre Saltdal",511000
"Fauske - Fuossko",548000
"Sulitjelma",413000
"Finneid",633000
"Fauske",539000
"Valnesfjord",658000
"Skjerstad (-2004)",NA
"Bodin (-1967)",NA
"Sørfold - Fuolldá",539000
"Straumen",411000
"Røsvik",552000
"Steigen",523000
"Steigen",552000
"Nordfold - Leiranger",511000
"Hamarøy - Hábmer (-2019)",NA
"Divtasvuodna - Tysfjord (-2019)",NA
"Tysfjord",NA
"Lødingen",523000
"Lødingen",523000
"Tjeldsund (1909-2019)",NA
"Evenes - Evenássi",549000
"Evenes",549000
"Ballangen (1925-2019)",NA
"Ankenes (-1973)",NA
"Røst",508000
"Røst",510000
"Værøy",455000
"Værøy",455000
"Moskenes (1916-1975)",NA
"Flakstad",537000
"Flakstad",537000
"Vestvågøy",542000
"Borge - Valberg",459000
"Hol Østre",514000
"Hol Vestre",549000
"Buksnes Søndre",592000
"Buksnes Nordre",564000
"Vågan",526000
"Vågan Østre",503000
"Vågan Vestre",535000
"Vågan Nordre",535000
"Svolvær",523000
"Hadsel",539000
"Langøya",589000
"Stokmarknes",548000
"Melbu",533000
"Raftsundet",468000
"Bø (Nordland)",483000
"Bø Nordre",515000
"Bø Søndre",454000
"Malnes",468000
"Øksnes",520000
"Langenes",566000
"Øksnes",505000
"Sortland - Suortá",551000
"Vest - Nord",578000
"Syd - Sentrum",520000
"Nord - Øst",633000
"Andøy",538000
"Andenes",548000
"Dverberg",515000
"Bjørnskinn",501000
"Moskenes",452000
"Moskenes",452000
"Hábmer - Hamarøy",487000
"Hamarøy",478000
"Tysfjord Sør",519000
"Troms - Romsa - Tromssa",NA
"Finnmark - Finnmárku - Finmarkku",NA
"Uoppgitt kommune Nordland",NA
"Tromsø",NA
"Harstad - Hárstták",NA
"Kvæfjord",NA
"Dielddanuorri - Tjeldsund",NA
"Ibestad",NA
"Gratangen - Rivtták",NA
"Loabák - Lavangen",NA
"Bardu",NA
"Salangen",NA
"Målselv",NA
"Sørreisa",NA
"Dyrøy",NA
"Senja",NA
"Balsfjord",NA
"Karlsøy",NA
"Lyngen",NA
"Storfjord - Omasvuotna - Omasvuono",NA
"Gáivuotna - Kåfjord - Kaivuono",NA
"Skjervøy",NA
"Nordreisa - Ráisa - Raisi",NA
"Kvænangen",NA
"Alta",NA
"Hammerfest - Hámmerfeasta",NA
"Sør-Varanger",NA
"Vadsø",NA
"Kárásjohka - Karasjok",NA
"Guovdageaidnu - Kautokeino",NA
"Loppa",NA
"Hasvik",NA
"Måsøy",NA
"Nordkapp",NA
"Porsanger - Porsángu - Porsanki",NA
"Lebesby",NA
"Gamvik",NA
"Deatnu - Tana",NA
"Berlevåg",NA
"Båtsfjord",NA
"Vardø",NA
"Unjárga - Nesseby",NA
"Troms og Finnmark - Romsa ja Finnmárku (2020-2023)",554000
"Troms - Romsa (-2019)",NA
"Tromsø (2020-2023)",563000
"Harstad - Hárstták (2020-2023)",554000
"Alta (2020-2023)",610000
"Vardø (2020-2023)",459000
"Vadsø (2020-2023)",563000
"Hammerfest - Hámmerfeasta (2020-2023)",578000
"Kvæfjord (2020-2023)",562000
"Dielddanuorri - Tjeldsund (2020-2023)",543000
"Ibestad (2020-2023)",482000
"Gratangen (2020-2023)",474000
"Loabák - Lavangen (2020-2023)",544000
"Bardu (2020-2023)",569000
"Salangen (2020-2023)",522000
"Målselv (2020-2023)",556000
"Sørreisa (2020-2023)",572000
"Dyrøy (2020-2023)",501000
"Senja (2020-2023)",547000
"Balsfjord (2020-2023)",511000
"Karlsøy (2020-2023)",518000
"Lyngen (2020-2023)",540000
"Storfjord - Omasvuotna - Omasvuono (2020-2023)",532000
"Gáivuotna - Kåfjord - Kaivuono (2020-2023)",513000
"Skjervøy (2020-2023)",532000
"Nordreisa - Ráisa - Raisi (2020-2023)",561000
"Kvænangen (2020-2023)",514000
"Guovdageaidnu - Kautokeino (2020-2023)",579000
"Loppa (2020-2023)",474000
"Hasvik (2020-2023)",477000
"Måsøy (2020-2023)",511000
"Nordkapp (2020-2023)",518000
"Porsanger - Porsángu - Porsanki (2020-2023)",542000
"Kárásjohka - Karasjok (2020-2023)",576000
"Lebesby (2020-2023)",492000
"Gamvik (2020-2023)",419000
"Berlevåg (2020-2023)",506000
"Deatnu - Tana (2020-2023)",537000
"Unjárga - Nesseby (2020-2023)",468000
"Båtsfjord (2020-2023)",522000
"Sør-Varanger (2020-2023)",559000
"Harstad (-2012)",NA
"Tromsø (-2019)",NA
"Harstad - Hárstták (2013-2019)",NA
"Kvæfjord (-2019)",NA
"Skånland (1926-2019)",NA
"Bjarkøy (-2012)",NA
"Ibestad (-2019)",NA
"Gratangen (1926-2019)",NA
"Loabák - Lavangen (1907-2019)",NA
"Salangen (-1976)",NA
"Bardu (-2019)",NA
"Salangen (1977-2019)",NA
"Målselv (-2019)",NA
"Sørreisa (-2019)",NA
"Dyrøy (-2019)",NA
"Tranøy (-2019)",NA
"Torsken (-2019)",NA
"Berg (-2019)",NA
"Lenvik (-2019)",NA
"Balsfjord (-2019)",NA
"Karlsøy (-2019)",NA
"Lyngen (-2019)",NA
"Storfjord - Omasvuotna - Omasvuono (1931-2019)",NA
"Gáivuotna - Kåfjord - Kaivuono (1931-2019)",NA
"Skjervøy (-2019)",NA
"Nordreisa - Ráisa - Raisi (-2019)",NA
"Kvænangen (-2019)",NA
"Uoppgitt kommune Troms",NA
"Finnmark - Finnmárku (-2019)",NA
"Hammerfest (-1991)",NA
"Vardø (-2019)",NA
"Vadsø (-2019)",NA
"Hammerfest (1992-2019)",NA
"Guovdageaidnu - Kautokeino (-2019)",NA
"Alta (-2019)",NA
"Loppa (-2019)",NA
"Hasvik (-2019)",NA
"Sørøysund (-1991)",NA
"Kvalsund (-2019)",NA
"Måsøy (-2019)",NA
"Nordkapp (-2019)",NA
"Porsanger - Porsángu - Porsanki (1964-2019)",NA
"Kárásjohka - Karasjok (-2019)",NA
"Lebesby (-2019)",NA
"Gamvik (1914-2019)",NA
"Berlevåg (1914-2019)",NA
"Deatnu - Tana (-2019)",NA
"Unjárga - Nesseby (-2019)",NA
"Båtsfjord (1955-2019)",NA
"Sør-Varanger (-2019)",NA
"Uoppgitt kommune Finnmark",NA
"Svalbard",NA
"Svalbard",NA
"Longyearbyen arealplanområde",NA
"Ny-Ålesund arealplanområde",NA
"Sveagruva arealplanområde",NA
"Bjørnøya naturreservat",NA
"Hopen naturreservat",NA
"Uoppgitt kommune Svalbard",NA
"Jan Mayen",NA
"Jan Mayen",NA
"Uoppgitt Jan Mayen",NA
"Kontinentalsokkelen",NA
"Kontinentalsokkelen",NA
"Sokkelen sør for 62 grader N",NA
"Sokkelen nord for 62 grader N",NA
"Sokkelen, uspesifisert",NA
"Utlandet",NA
"Utlandet, uspesifisert",NA
"Havområder",NA
"Halden Vest",455000
"Halden Øst",538000
"Halden Syd",519000
"Tistedalsområdet",524000
"Berg - Sponviken",623000
"Rokke - Asak",678000
"Hovelsrød - Aspedammen",627000
"Prestebakke - Kornsjø - Holtet",507000
"Sydvestre Jeløy",554000
"Nordre Jeløy",558000
"Sydøstre Jeløy",545000
"Melløs - Øre",523000
"Sentrum",442000
"Mosseskogen Vest",590000
"Kambo",587000
"Mosseskogen Øst",524000
"Mosseelva - Dillingøya",487000
"Halmstad",512000
"Vang",764000
"Ekholt",561000
"Sarpsborg Vest",441000
"Sarpsborg Øst",401000
"Kurland",511000
"Ullerøy",639000
"Søndre - Østre Skjeberg",658000
"Borgen",569000
"Hafslund",541000
"Hafslundsøy",572000
"Lande",525000
"Yven",596000
"Greåker",544000
"Vest - Tune",647000
"Varteig",637000
"Østsiden Syd",488000
"Østsiden Nord",481000
"Sentrum Syd",405000
"Sentrum Vest",388000
"Glemmen Vest",666000
"Glemmen Nord",538000
"Glemmen Mellom",531000
"Sentrum Nord",477000
"Glemmen Øst",481000
"Glemmen Nord Øst",503000
"Hauge",477000
"Rekustad",562000
"Nylende",689000
"Nordre Kråkerøy",625000
"Vestre Kråkerøy",557000
"Søndre Kråkerøy",724000
"Gressvik Nordre",497000
"Gressvik Søndre",619000
"Sydbygda",716000
"Midtbygda",610000
"Vestbygda",684000
"Sellebakk",445000
"Torp",562000
"Borge",667000
"Torsnes",652000
"Åssiden",506000
"Øren - Underlia",507000
"Bragernes Sentrum",484000
"Fjellheim",521000
"Gulskogen - Sundhaugen",543000
"Strømsø",437000
"Tangen - Åskollen",508000
"Danvik - Fjell",542000
"Skoger",737000
"Konnerud",785000
"Krokstadelva",610000
"Solbergelva",604000
"Steinberg",629000
"Mjøndalen",573000
"Berger",547000
"Svelvik",555000
"Nesbygda",653000
"Tuft - Komnes - Efteløt",561000
"Hedenstad",632000
"Kongsberg Syd - Vestre",493000
"Kongsberg Nord - Vestre",494000
"Kongsberg Syd - Østre",660000
"Kongsberg Nord - Østre",626000
"Hønefoss",408000
"Ullerål",483000
"Haug",650000
"Norderhov",532000
"Ytre Soknedal",540000
"Tyristrand",581000
"Lunder",548000
"Ytre Ådal",598000
"Viker - Nes",495000
"Østre Hvaler",533000
"Vestre Hvaler",669000
"Aremark",555000
"Øymark",505000
"Rødenes",562000
"Rom",569000
"Askimbyen",475000
"Holterengen",607000
"Korsgården",540000
"Moen",561000
"Mysen Vest",470000
"Tenor - Kirkefjerdingen",577000
"Trømborg",598000
"Hærland",600000
"Mysen Øst",504000
"Spydeberg",584000
"Tomter",647000
"Knapstad",589000
"Ringvoll",598000
"Vestre Trøgstad",498000
"Østre Trøgstad",622000
"Båstad",574000
"Skiptvet",576000
"Nordre Rakkestad",533000
"Søndre Rakkestad",582000
"Vestre Råde",699000
"Midtre Råde",507000
"Østre Råde",664000
"Våler",650000
"Vestby",624000
"Såner",708000
"Siggerud",678000
"Langhus",671000
"Hebekk",655000
"Finstad",678000
"Ski Øst",608000
"Gjedsjø - Kråkstad",714000
"Kolbotn",721000
"Tårnåsen",612000
"Sofiemyr",719000
"Greverud",820000
"Svartskog",821000
"Nordby",673000
"Ås",564000
"Kroer",679000
"Drøbak",613000
"Frogn Syd",663000
"Frogn Nord",647000
"Berger",743000
"Tangen",675000
"Fjellstrand",666000
"Jaer",625000
"Myklerud",650000
"Bjørnemyr",634000
"Østerås - Eiksmarka",586000
"Hosle Nord",715000
"Voll",1018000
"Grav",824000
"Hosle Sør",899000
"Jar",892000
"Lysaker",633000
"Snarøya",810000
"Stabekk",687000
"Høvik",641000
"Løkeberg - Blommenholm",760000
"Haslum",767000
"Østre Bærumsmarka",734000
"Sandvika - Valler",554000
"Jong",523000
"Slependen - Tanum",680000
"Dønski - Rud",507000
"Kolsås",787000
"Rykkinn",586000
"Kirkerud - Sollihøgda",675000
"Bærums Verk",785000
"Lommedalen",930000
"Nesøya",913000
"Nesbru",827000
"Billingstad",685000
"Hvalstad",745000
"Skaugum",867000
"Sem",675000
"Syverstad",801000
"Fusdal",714000
"Sentrum",574000
"Drengsrud",764000
"Vettre",794000
"Borgen",592000
"Blakstad",678000
"Vollen",802000
"Heggedal",695000
"Solberg",655000
"Østbygda Slemmestad",677000
"Østbygda Åros",652000
"Midtbygda",711000
"Vestbygda",648000
"Vestre Hurum",601000
"Sydøstre Hurum",562000
"Nordøstre Hurum",632000
"Aurskog",606000
"Setskog",578000
"Bjørkelangen",543000
"Løken",539000
"Søndre Høland",540000
"Rømskog",535000
"Løvenstad",532000
"Rud",640000
"Blystadlia",558000
"Fjerdingby",577000
"Nordby",843000
"Flateby",646000
"Kirkebygda",612000
"Ytre Enebakk",627000
"Haneborglia",632000
"Kjenn - Fjellhamar",622000
"Skårer",507000
"Lysås - Løken",629000
"Finstad - Losby",807000
"Bjørnholt - Kurland",640000
"Volla",641000
"Stortorget",480000
"Vigernes",603000
"Kjeller",633000
"Leirsund",741000
"Skedsmokorset",697000
"Åsenhagen",661000
"Stalsberg",483000
"Retten",595000
"Skjetten",681000
"Hvam",602000
"Gjelleråsen",483000
"Blaker",622000
"Sørumsand",613000
"Sørum",730000
"Frogner",676000
"Hovinhøgda",685000
"Riddersand",727000
"Dalen",631000
"Nordre Hakadal",776000
"Søndre Hakadal",620000
"Rotnes",733000
"Slattum",693000
"Gjelleråsen",656000
"Gjerdrum",681000
"Kløfta",613000
"Jessheim",524000
"Borgen",685000
"Sand",579000
"Gardermoen",365000
"Mogreina",606000
"Nordkisa",615000
"Algarheim",645000
"Fenstad",629000
"Skogbygda",631000
"Vormnes",665000
"Årnes",511000
"Udnes",664000
"Feiring",597000
"Nordbygda",567000
"Ås",624000
"Østsida",561000
"Eidsvoll Verk",582000
"Råholt",579000
"Strandsåsen",644000
"Dal",573000
"Bjerke",611000
"Nannestad",536000
"Holter",686000
"Hurdal",530000
"Stein",662000
"Sundvollen",693000
"Røyse",605000
"Flå",487000
"Nes",537000
"Gol Aust",465000
"Gol Vest",569000
"Hemsedal",532000
"Sundre",528000
"Torpo - Nordbygden",591000
"Østre Hol",578000
"Vestre Hol",523000
"Nerstad",536000
"Prestfoss",498000
"Eggedal",590000
"Ytre Krødsherad",524000
"Øvre - Midtre Krødsherad",495000
"Åmot",526000
"Geithus",536000
"Vikersund",513000
"Drolsum - Snarum",632000
"Fiskum",629000
"Vestfossen",556000
"Hokksund Vest",647000
"Hokksund Øst",542000
"Skotselv",580000
"Høvik",664000
"Hegg",571000
"Egge",619000
"Sjåstad",607000
"Sylling",633000
"Nordal",736000
"Hallingstad",504000
"Lierskogen",801000
"Gullaug",680000
"Hennummarka",759000
"Flesberg",592000
"Rollag",516000
"Nore",502000
"Uvdal",555000
"Prestmoen Olimb",612000
"Nesbakken Glassverket",496000
"Samsmoen Nordby",603000
"Lunner",610000
"Grua",561000
"Harestua",661000
"Kongsvinger 1",459000
"Kongsvinger 2",512000
"Vinger",578000
"Austmarka",481000
"Brandval",537000
"Hamar Vest",491000
"Storhamar",637000
"Hamar Nord",721000
"Midtbyen",433000
"Hamar Øst",463000
"Vang Vest",633000
"Vang Midtre",540000
"Vang Øst",584000
"Vang Nord",673000
"Vingrom",650000
"Vingar",615000
"Fåberg",598000
"Sentrum Øst",483000
"Nordre Ål",527000
"Sentrum Vest",415000
"Søre Ål",689000
"Vindingstad",569000
"Kirkeby",453000
"Viken - Gjøvikjordet",481000
"Sentrum",337000
"Hovde - Engeland",486000
"Fredheim",653000
"Dalborgen - Kopperud",563000
"Hunndalen",514000
"Linnerud - Breiskallen",584000
"Haug",574000
"Redalen - Lundstein",572000
"Snertingdal",529000
"Biri",555000
"Deglum",601000
"Gjerlaug",681000
"Mørkved",515000
"Jemtland",506000
"Endelausen",608000
"Ottersrud",587000
"Kvarstad",562000
"Ingberg",572000
"Hjelthjelt",574000
"Sund",569000
"Tande",578000
"Sortungstad",486000
"Arneberg",593000
"Arnestad",584000
"Bergseng",632000
"Søndre Bygdelag",598000
"Midtre Bygdelag",554000
"Nordre Bygdelag",566000
"Tangen",591000
"Stange",522000
"Ottestad",593000
"Romedal",565000
"Vallset - Åsbygda",548000
"Sand",511000
"Mo",513000
"Skarnes",540000
"Oppstad",609000
"Strøm",593000
"Sander",592000
"Disenå",588000
"Vestmarka",513000
"Tollefsbøl",549000
"Matrand",531000
"Skotterud",437000
"Magnor",463000
"Vestsida",489000
"Namnå",498000
"Kirkenær",448000
"Grinder - Tjura",554000
"Grue Finnskog",388000
"Åsnes Vestside",507000
"Flisa",475000
"Sønsterud",514000
"Finnskogen",434000
"Arneberg",463000
"Våler",463000
"Braskereidfoss",515000
"Risberget",491000
"Strandbygda",579000
"Vestad",524000
"Leiret Nord - Søbakken",531000
"Leiret Syd",476000
"Hanstad",661000
"Søndre Elverum",571000
"Hernes",652000
"Østre Elverum",512000
"Sørskogbygda",529000
"Ljørdalen",449000
"Østby",486000
"Nybergsund",494000
"Vestre Trysil",460000
"Innbygda",479000
"Jordet",523000
"Rena",477000
"Deset",515000
"Nordre Osen",452000
"Søndre",372000
"Midtre",475000
"Nordre",416000
"Ytre Rendalen",457000
"Øvre Rendalen",469000
"Engerdal Sør",523000
"Engerdal Nord",525000
"Tolga",513000
"Tylldalen - Brydalen",555000
"Tynset Sør",535000
"Tynset Nord",597000
"Kvikne",544000
"Steigen",536000
"Plassen",661000
"Folldal",515000
"Os",538000
"Dovre Syd",473000
"Dovre Nord",528000
"Lesjaskog",568000
"Lesja",533000
"Skjåk",541000
"Nordberg",519000
"Lom Vest",511000
"Lom Aust",563000
"Vågåmo - Omegn",523000
"Lalm - Omegn",541000
"Kvikne",539000
"Ruste",488000
"Sødorp",522000
"Kvam",507000
"Sel",566000
"Otta",480000
"Heidal",530000
"Solsida",506000
"Baksida",544000
"Ringebu",513000
"Fåvang",511000
"Øyer Sokn",545000
"Tretten Sokn",523000
"Østre Gausdal",564000
"Vestre Gausdal Sør",498000
"Vestre Gausdal Nord",470000
"Kapp",604000
"Lena",460000
"Skreia",549000
"Lensbygda",574000
"Kolbu",546000
"Raufoss Øst",523000
"Raufoss Vest",511000
"Reinsvoll",562000
"Bøverbru",543000
"Eina",535000
"Vestsida",540000
"Nordre Brandbu",591000
"Brandbu",534000
"Jaren",598000
"Gran",532000
"Vestre Gran",592000
"Vestsiden",461000
"Fluberg",543000
"Hov - Fall",508000
"Trevatn",545000
"Enger",459000
"Østsinni",494000
"Nordsinni",523000
"Torpa",499000
"Bagn - Reinli",498000
"Begnadalen",468000
"Hedalen",431000
"Etnedal",457000
"Skrautvål",485000
"Aurdal",517000
"Svennes",529000
"Røn",532000
"Slidre",517000
"Lomen",502000
"Øystre Slidre Nord",505000
"Øystre Slidre Syd",555000
"Vang",533000
"Nykirke",612000
"Granly",612000
"Borre",617000
"Åsgårdstrand",559000
"Nordbyen",680000
"Holtandalen",570000
"Sentrum",431000
"Sydbyen",496000
"Holmestrand",412000
"Ekeberg - Borgen",604000
"Gullhaug - Hillestad",631000
"Hof - Eidsfoss",578000
"Kårby - Vassås",587000
"Bekkestranda",641000
"Sande",562000
"Nordre Sande",660000
"Sem",579000
"Barkåker",567000
"Eik",556000
"Klokkeråsen",648000
"Presterød",575000
"Ringshaug",674000
"Husvik",765000
"Husøy",737000
"Sentrum - Slottsfjellet",384000
"Banesløyfen",424000
"Stensarmen - Træleborg",408000
"Kaldnes - Tei",442000
"Solvang - Kilen - Byskogen",442000
"Våle",596000
"Undrumsdal",574000
"Ramnes",623000
"Fon - Vivestad",635000
"Sentrum",363000
"Hystad",611000
"Førstad",603000
"Bugården",533000
"Haukerød",570000
"Fevang",662000
"Breidablikk",594000
"From",564000
"Helgerød",703000
"Østerøy",589000
"Vesterøy",551000
"Kodal",649000
"Andebu",537000
"Høyjord - Vestre Andebu",532000
"Melsom",627000
"Stokke",534000
"Skjee",563000
"Langestrand",509000
"Hovedbyen",384000
"Torstrand",369000
"Byskogen",504000
"Tagtvedt",367000
"Østre Halsen",620000
"Tjodalyng",627000
"Nanset Øst",541000
"Nanset Vest",554000
"Hedrum Øst",609000
"Kvelde",619000
"Hvarnes",655000
"Stavern",504000
"Brunlanes Vestre",660000
"Brunlanes Nordre",631000
"Brunlanes Østre",653000
"Lardal",531000
"Bjørkedal - Oklungen - Langangen",621000
"Eidanger - Øyene",575000
"Heistad",655000
"Brevik",550000
"Herøya",540000
"Stridsklev - Hovet",573000
"Grønli",513000
"Porsgrunn Øst",485000
"Bjørntvedt - Myrene",461000
"Osebakken - Hovenga",518000
"Porsgrunn Vest",513000
"Sentrum",367000
"Falkum",442000
"Brekke",518000
"Gimsøy",478000
"Klosterskogen",575000
"Kjørbekk",547000
"Nenset",534000
"Klyve",507000
"Kilebygda",594000
"Mælum",633000
"Åfoss",650000
"Skotfoss",525000
"Vestre Gulset",797000
"Gulset",541000
"Fossum",648000
"Luksefjell",573000
"Opphaugen",622000
"Uthauen",653000
"Men",571000
"Gransherad",564000
"Heddal",591000
"Notodden Vest",448000
"Notodden Nordøst",522000
"Notodden Sør",447000
"Høgås",638000
"Teie",624000
"Rosanes",580000
"Borgheim",518000
"Føynland",670000
"Bergan",640000
"Torød",648000
"Brattås",613000
"Tjøme",557000
"Siljan",644000
"Herre",539000
"Midt - Bamble",653000
"Stathelle",628000
"Langesund",587000
"Vest - Bamble",560000
"Sannidal - Levang",538000
"Vadfoss",580000
"Helle - Skåtøy",559000
"Rørvik - Berg",530000
"Kragerø Sentrum",430000
"Tordal",538000
"Drangedal",509000
"Kroken",553000
"Lunde",528000
"Ulefoss",526000
"Fen",550000
"Bø Nordre",613000
"Bø Sentrum",491000
"Sauherad",584000
"Nes",529000
"Hovin - Austbygde - Tessungdalen",549000
"Atrå - Miland - Mæl",600000
"Rjukan",473000
"Hjartdal",560000
"Seljord",541000
"Flatdal",493000
"Åmotsdal",563000
"Kviteseid",539000
"Nissedal",557000
"Fyresdal",519000
"Tokke",542000
"Vinje",540000
"Rauland",595000
"Risør",522000
"Søndeled Ytre",509000
"Søndeled Indre",571000
"Vik - Fevik",606000
"Grimstad",493000
"Fjære - Hommedal",637000
"Landvik",650000
"Austre Moland",589000
"Flosta",568000
"Stokken",518000
"Tromøy Vest",644000
"Tromøy Øst",626000
"Hisøy",665000
"Øyestad Søndre",581000
"Øyestad Midtre",534000
"Øyestad Øvre",609000
"Arendal Sentrum",365000
"Arendal Vest",455000
"Arendal Nord",454000
"Arendal Øst",521000
"Flekkerøy",750000
"Voie - Møvig",580000
"Midtre Vågsbygd",547000
"Slettheia",494000
"Hellemyr - Fjellro",663000
"Tinnheia",507000
"Grim - Møllevann - Dalane",446000
"Kvadraturen - Eg",394000
"Lund - Sødal",514000
"Kongsgård Øvre - Gimlekollen",653000
"Stray",627000
"Mosby",569000
"Justvik",674000
"Ålefjær",711000
"Tveit",644000
"Hånes - Timenes",575000
"Søm - Torsvikheia",715000
"Ytre Randesund",670000
"Søgne Østre",577000
"Søgne Vestre",626000
"Finsland",584000
"Stokkeland",645000
"Nodeland",561000
"Brennåsen",540000
"Bykjernen",492000
"Skjebstad",566000
"Sånum - Lundevik",740000
"Skogsfjord - Hesland",549000
"Lindesnes",550000
"Holum",598000
"Harkmark",711000
"Skinsnes - Ime",510000
"Tregde - Skjernøy",730000
"Marnardal",558000
"Farsund",561000
"Vanse - Åpta",554000
"Lista",584000
"Hidra",576000
"Sentrum Vest",509000
"Sentrum Øst",594000
"Bakke - Gyland",590000
"Ytre Gjerstad",515000
"Øvre Gjerstad",493000
"Vegårdshei",552000
"Holt Vest",603000
"Tvedestrand",488000
"Holt Øst",580000
"Dypvåg",609000
"Froland",577000
"Høvåg",706000
"V. Moland - Lillesand",597000
"Birkenes",609000
"Herefoss - Vegusdal",517000
"Åmli",509000
"Iveland",578000
"Evje",503000
"Hornnes",544000
"Bygland",515000
"Valle",571000
"Bykle",525000
"Øvrebø - Hægeland",607000
"Vennesla Nord",522000
"Vennesla Midtre",545000
"Vennesla Sør",556000
"Åseral",580000
"Lyngdal Vestre",645000
"Lyngdal Østre",555000
"Lyngdal Søndre",543000
"Audnedal",619000
"Hægebostad",560000
"Eiken",684000
"Kvinesdal Ytre",629000
"Kvinesdal Sentrum",486000
"Kvinesdal Midtre",613000
"Kvinesdal Øvre",596000
"Sirdal",626000
"Bergen i alt",NA
"Arna",582000
"Bergen Sentrum",407000
"Bergenhus",439000
"Solheim",421000
"Fana",699000
"Fridalen - Slettebakken",448000
"Fyllingsdalen",607000
"Landås - Sædalen",557000
"Laksevåg",543000
"Årstad",540000
"Ytrebygda",735000
"Sandviken",462000
"Årstad",456000
"Eidsvåg",682000
"Åsane",616000
"Tertnes - Salhus",626000
"Åsane",603000
"Ytre Arna",519000
"Indre Arna",593000
"Lone",621000
"Nesttun",691000
"Kaland",656000
"Fana",769000
"Ytrebygda",739000
"Bønes",783000
"Fyllingsdalen",555000
"Loddefjord",593000
"Laksevåg",474000
"Uoppgitt bydel Bergen",NA
"Eikefjord - Bru",613000
"Kinn",523000
"Flora",599000
"Nord - Vågsøy",622000
"Fastlandet",674000
"Sør - Vågsøy",568000
"Etne",603000
"Skånevik",554000
"Sveio",628000
"Førde",623000
"Søre Bømlo",644000
"Finnås",678000
"Moster",648000
"Rubbestadneset",665000
"Bremnes",622000
"Sagvåg",633000
"Hodnaland",660000
"Leirvik",526000
"Hystad",628000
"Rommetveit",698000
"Fitjar",645000
"Tysnes",568000
"Ølve - Hatlestranda",547000
"Varaldsøy",489000
"Årvik - Mauranger - Ænes",623000
"Lyngstrand - Rosendal - Omvikdalen",618000
"Uskedalen - Herøysund",575000
"Husnes - Sunde - Valen",586000
"Sandvoll - Holmedal",637000
"Matre - Baugstranda - Åkra",582000
"Halsnøy - Fjelbergøy - Borgundøy",739000
"Røldal",606000
"Oddadalen",769000
"Odda",508000
"Vestsida",608000
"Austsida",532000
"Vestsida",602000
"Austsida - Oksenhalvøya",598000
"Jondal",593000
"Eidfjord",591000
"Ulvik",569000
"Evanger",589000
"Bulken",664000
"Bordalen",725000
"Kvitli",575000
"Tjukkebygdi",610000
"Vossevangen",510000
"Borstrondi",594000
"Raundalen",708000
"Vossestrand",626000
"Granvin",524000
"Ålvik",556000
"Øystese",611000
"Vikøy",608000
"Strandebarm",599000
"Samnanger",612000
"Lysekloster - Søfteland",637000
"Neset - Øyane",711000
"Osøyro",587000
"Hegglandsdalen",652000
"Fusa Nord",667000
"Fusa Sør",560000
"Ytre Austevoll",665000
"Indre Austevoll",717000
"Nordre Fjell",667000
"Indre Fjell",706000
"Sør - Ytre Fjell",662000
"Litlesotra - Bjørøy",668000
"Indre Sund",623000
"Ytre Sund",646000
"Blomvåg",639000
"Hjelme",550000
"Ask",631000
"Erdal",710000
"Florvåg",591000
"Kleppestø",656000
"Strusshamn",773000
"Follese - Hetlevik",733000
"Haugland - Davanger - Ramsøy",728000
"Nordre Askøy",655000
"Vaksdal",586000
"Dale",544000
"Stamnes",536000
"Modalen",615000
"Bruvik - Haus",611000
"Gjerstad",579000
"Hamre",619000
"Hosanger",562000
"Lindås",624000
"Alversund",652000
"Knarvik",589000
"Ostereidet",637000
"Meland Nord",737000
"Meland Sør",654000
"Radøy Nord",581000
"Radøy Sør",592000
"Austrheim",614000
"Fedje",546000
"Masfjorden",630000
"Mjømna",575000
"Gulen",550000
"Brekke",626000
"Solund",606000
"Hyllestad",513000
"Måren",573000
"Søreide",501000
"Lavik",534000
"Vik",582000
"Norum",607000
"Stedje",565000
"Kaupanger",687000
"Fjærland",572000
"Leikanger Nord",655000
"Balestrand",606000
"Aurland",557000
"Lærdal",576000
"Øvre Årdal",572000
"Årdalstangen",590000
"Lustrafjorden",581000
"Hafslo",617000
"Jostedalen",537000
"Nordsida",563000
"Øyane",646000
"Dale - Guddal",496000
"Førde Aust",747000
"Førde Vest",581000
"Førde Nord",622000
"Ålhus",664000
"Helgheim",620000
"Gaular",669000
"Naustdal",620000
"Indre Bremanger",547000
"Ytre Bremanger",597000
"Austre Eid",720000
"Nordfjordeid",550000
"Vestre Eid",648000
"Selje",579000
"Stadlandet",620000
"Vereide",584000
"Breim",578000
"Gjemmestad - Hyen",647000
"Stryn",588000
"Loen - Olden",536000
"Innvik - Utvik",524000
"Nordsida - Randabygd",593000
"Midtbyen",540000
"Klæbu",666000
"Østbyen",550000
"Lerkendal",543000
"Heimdal",593000
"Ila - Trolla",512000
"Midtbyen",382000
"Øya - Singsaker",476000
"Rosenborg - Møllenberg",479000
"Lademoen",431000
"Lade",534000
"Strindheim",557000
"Charlottenlund - Jakobsli",650000
"Ranheim",718000
"Berg - Tyholt",465000
"Åsvang - Stokkan",573000
"Nardo",480000
"Nidarvoll - Leira",603000
"Risvollan - Othilienborg",489000
"Jonsvatnet",817000
"Bratsberg",611000
"Sverresborg",581000
"Byåsen",723000
"Hallset",488000
"Sjetne - Okstad",722000
"Flatåsen - Saupstad",549000
"Tiller - Hårstad",640000
"Heimdal",578000
"Byneset - Leinstrand",664000
"Uoppgitt bydel Trondheim",NA
"Sparbu - Henning",606000
"Steinkjer Sentrum",439000
"Egge",568000
"Beitstad",607000
"Kvam",639000
"Stod",571000
"Ogndal",639000
"Malm",510000
"Verran",492000
"Spillum",636000
"Bangsund",568000
"Otterøy - Vemundvik",604000
"Namsos",544000
"Fosnes",541000
"Namdalseid",529000
"Snillfjord",NA
"Sør - Frøya",584000
"Nord - Frøya",548000
"Øyrekken",405000
"Osen",502000
"Olbu - Vognill",609000
"Oppdal Nord - Fagerhaug",525000
"Oppdal Syd - Drivdalen",553000
"Øvre Rennebu",519000
"Nedre Rennebu",567000
"Røros",527000
"Brekken - Glåmos",582000
"Haltdalen",570000
"Ålen",548000
"Støren",532000
"Singsås",576000
"Soknedal",582000
"Melhus Vest",666000
"Melhus Øst",577000
"Kvål",663000
"Ler",631000
"Lundamo",568000
"Hovin",630000
"Hølonda",597000
"Skaun",679000
"Buvik",688000
"Børsa",658000
"Hundhamaren - Saksvik Bygdelag",687000
"Vikhamar Malvik - Torp Midtsandan",703000
"Hommelvik - Mostadmark",586000
"Malvik Utmarksområder",582000
"Sveberg",874000
"Selbu",571000
"Tydal",547000
"Meråker",503000
"Hegra",641000
"Lånke",698000
"Skatval",672000
"Stjørdal",624000
"Stjørdalshalsen",467000
"Frosta",574000
"Nesset",605000
"Skogn",585000
"Midt - Skogn",690000
"Åsen",572000
"Frol",683000
"Bruborg Med Omland",563000
"Levanger",426000
"Ytterøy",561000
"Ørmelen",489000
"Verdalsøra",463000
"Sjøbygda",686000
"Stiklestad",701000
"Vinne - Ness",582000
"Øvre Verdal",589000
"Snåsa",549000
"Lierne",556000
"Røyrvik",533000
"Namsskogan",497000
"Grong",533000
"Høylandet",569000
"Overhalla",627000
"Flatanger",588000
"Leka",541000
"Røra",598000
"Straumen",588000
"Inderøy Vest",658000
"Sandvollan",647000
"Mosvik",528000
"Stjørna",567000
"Hasselvika - Fevåg",549000
"Rissa",516000
"Stadsbygd",643000
"Leksvik",540000
"Stranda",595000
"Heim",557000
"Hemne",560000
"Vinje",623000
"Halsa",511000
"Valsøyfjord",534000
"Snillfjord Sør",691000
"Vestre Hitra",503000
"Østre Hitra",522000
"Snillfjord Nord",582000
"Ørland Øst",594000
"Ørland Vest",531000
"Bjugn - Stjørna",521000
"Nes - Jøssund",562000
"Åfjord",564000
"Stoksund",549000
"Roan",504000
"Orkanger",528000
"Orkdal Østre",570000
"Orkland",635000
"Geitastrand - Orkdal Vestre",675000
"Løkken",516000
"Bygda",541000
"Agdenes",538000
"Snillfjord Øst",502000
"Nærøy",591000
"Kolvereid",531000
"Gravvik - Foldereid",567000
"Vikna Indre",586000
"Vikna Ytre",573000
"Rindal",577000
"Tromsø",450000
"Sommerlyst",587000
"Nordre Tromsøya",476000
"Mortensnes",631000
"Søndre Tromsøya",580000
"Kroken",582000
"Tomasjord",528000
"Tromsdalen",616000
"Reinelva - Hundbergan",612000
"Kvaløybyen",752000
"Fastlandet Nord",637000
"Ramfjordområdet",638000
"Malangshalvøya",610000
"Ullsfjord",470000
"Kvaløya Sørøst",623000
"Malangskjeften",516000
"Kattfjord",555000
"Ersfjord - Røssholmdjupta",730000
"Kvaløya Nordvest",583000
"Øyene Nord",712000
"Gausvik - Sørvik",558000
"Kila",697000
"Kanebogen - Seljestad",574000
"Harstad",468000
"Hagebyen",519000
"Bergseng",562000
"Ervik  Kasfjord - Aun",628000
"Grytøy",563000
"Bjarkøy",514000
"Tidligere Talvik Kommune Øst",515000
"Tidligere Talvik Kommune Vest",580000
"Tidligere Alta Kommune Øst",720000
"Tidligere Alta Kommune Vest",675000
"Alta Sentrum Nord",602000
"Alta Sentrum Syd",571000
"Vardø",460000
"Vadsø Sentrum",480000
"Indre Vadsø",640000
"Ytre Vadsø",564000
"Distriktet",557000
"Sentrum",498000
"Baksalen",537000
"Fuglenes",626000
"Fuglenesdalen",819000
"Sørøysund",613000
"Kvalsund",512000
"Kvæfjord Vestre",548000
"Kvæfjord Østre",567000
"Skånland",580000
"Astafjord",503000
"Tjeldsund",549000
"Ibestad",467000
"Andørja",507000
"Gratangen",474000
"Lavangen",544000
"Bardu",571000
"Salangen",522000
"Nedre Målselv",576000
"Bardufossområdet",551000
"Bakkehaugområdet",575000
"Øverbygd",523000
"Sørreisa - Sør",544000
"Sørreisa - Nord",583000
"Dyrøy",501000
"Rossfjordområdet",553000
"Bjorelvnesområdet",583000
"Finnsnesområdet",535000
"Silsandområdet",659000
"Gibostadområdet",508000
"Stønnesbotn - Øyfjordområdet",564000
"Tranøy",536000
"Stonglandet",487000
"Torsken",499000
"Berg",516000
"Malangen",479000
"Vestre Balsfjord",536000
"Østre Balsfjord",505000
"Ringvassøy - Reinøy",532000
"Vanna",498000
"Polleidet",581000
"Lyngseidet",520000
"Lenangen",536000
"Storfjord",532000
"Manndalen",463000
"Kåfjorddalen",581000
"Olderdalen",509000
"Skjervøy",543000
"Arnøya - Laukøya",472000
"Rotsund",548000
"Storslett",562000
"Oksfjord",598000
"Kvænangen - Sør",503000
"Kvænangen - Nord",516000
"Kautokeino",579000
"Loppa",476000
"Hasvik",477000
"Måsøy",513000
"Nordkapp",521000
"Gjesvær",403000
"Porsanger Østside",498000
"Indre Porsanger",561000
"Vestre Porsanger",498000
"Karasjok",576000
"Lebesby",492000
"Gamvik",419000
"Berlevåg",506000
"Tana",585000
"Polmak",505000
"Nesseby",467000
"Båtsfjord",523000
"Vestre Sør - Varanger",484000
"Høybuktmoen - Bjørnevatn",589000
"Kirkenes",530000
"Østre Sør - Varanger",658000
"Pasvik",547000
"Ikke bosatt i Norge",NA
"Uoppgitt fylke",NA
"Uoppgitt kommune",NA
