"aar","valgtype","sted_type","sted_navn","overordnet_navn","parti_kode","parti_navn","mandater_antall","mandater_endring"
"2013","st","fylke","Østfold","","A","Arbeiderpartiet",3,-1
"2013","st","fylke","Østfold","","SV","Sosialistisk Venstreparti",0,0
"2013","st","fylke","Østfold","","RØDT","Rødt",0,0
"2013","st","fylke","Østfold","","SP","Senterpartiet",0,0
"2013","st","fylke","Østfold","","KRF","Kristelig Folkeparti",1,0
"2013","st","fylke","Østfold","","V","Venstre",0,0
"2013","st","fylke","Østfold","","H","Høyre",3,2
"2013","st","fylke","Østfold","","FRP","Fremskrittspartiet",2,-1
"2013","st","fylke","Østfold","","DEMN","Demokratene i Norge",0,0
"2013","st","fylke","Østfold","","KRISTNE","De Kristne",0,0
"2013","st","fylke","Østfold","","KSP","Kristent Samlingsparti",0,0
"2013","st","fylke","Østfold","","KYST","Kystpartiet",0,0
"2013","st","fylke","Østfold","","MDG","Miljøpartiet De Grønne",0,0
"2013","st","fylke","Østfold","","PIR","Piratpartiet",0,0
"2013","st","fylke","Østfold","","PP","Pensjonistpartiet",0,0
"2013","st","fylke","Østfold","","BLANKE","Blanke",0,0
"2013","st","fylke","Østfold","","Andre","Andre",0,0
"2013","st","fylke","Østfold","","Andre2","Andre2",0,0
"2013","st","fylke","Akershus","","A","Arbeiderpartiet",5,0
"2013","st","fylke","Akershus","","SV","Sosialistisk Venstreparti",1,0
"2013","st","fylke","Akershus","","RØDT","Rødt",0,0
"2013","st","fylke","Akershus","","SP","Senterpartiet",0,0
"2013","st","fylke","Akershus","","KRF","Kristelig Folkeparti",0,-1
"2013","st","fylke","Akershus","","V","Venstre",1,0
"2013","st","fylke","Akershus","","H","Høyre",7,3
"2013","st","fylke","Akershus","","FRP","Fremskrittspartiet",3,-1
"2013","st","fylke","Akershus","","DEMN","Demokratene i Norge",0,0
"2013","st","fylke","Akershus","","DLF","Det Liberale Folkepartiet",0,0
"2013","st","fylke","Akershus","","KRISTNE","De Kristne",0,0
"2013","st","fylke","Akershus","","KSP","Kristent Samlingsparti",0,0
"2013","st","fylke","Akershus","","KYST","Kystpartiet",0,0
"2013","st","fylke","Akershus","","MDG","Miljøpartiet De Grønne",0,0
"2013","st","fylke","Akershus","","PIR","Piratpartiet",0,0
"2013","st","fylke","Akershus","","PP","Pensjonistpartiet",0,0
"2013","st","fylke","Akershus","","SFP","Samfunnspartiet",0,0
"2013","st","fylke","Akershus","","BLANKE","Blanke",0,0
"2013","st","fylke","Akershus","","Andre","Andre",0,0
"2013","st","fylke","Akershus","","Andre2","Andre2",0,0
"2013","st","fylke","Oslo","","A","Arbeiderpartiet",6,0
"2013","st","fylke","Oslo","","SV","Sosialistisk Venstreparti",1,-1
"2013","st","fylke","Oslo","","RØDT","Rødt",0,0
"2013","st","fylke","Oslo","","SP","Senterpartiet",0,0
"2013","st","fylke","Oslo","","KRF","Kristelig Folkeparti",1,0
"2013","st","fylke","Oslo","","V","Venstre",2,1
"2013","st","fylke","Oslo","","H","Høyre",6,2
"2013","st","fylke","Oslo","","FRP","Fremskrittspartiet",2,-1
"2013","st","fylke","Oslo","","DEMN","Demokratene i Norge",0,0
"2013","st","fylke","Oslo","","DLF","Det Liberale Folkepartiet",0,0
"2013","st","fylke","Oslo","","KRISTNE","De Kristne",0,0
"2013","st","fylke","Oslo","","KSP","Kristent Samlingsparti",0,0
"2013","st","fylke","Oslo","","KYST","Kystpartiet",0,0
"2013","st","fylke","Oslo","","MDG","Miljøpartiet De Grønne",1,1
"2013","st","fylke","Oslo","","NKP","Norges Kommunistiske Parti",0,0
"2013","st","fylke","Oslo","","PIR","Piratpartiet",0,0
"2013","st","fylke","Oslo","","PP","Pensjonistpartiet",0,0
"2013","st","fylke","Oslo","","SFP","Samfunnspartiet",0,0
"2013","st","fylke","Oslo","","BLANKE","Blanke",0,0
"2013","st","fylke","Oslo","","Andre","Andre",1,1
"2013","st","fylke","Oslo","","Andre2","Andre2",0,0
"2013","st","fylke","Hedmark","","A","Arbeiderpartiet",3,-1
"2013","st","fylke","Hedmark","","SV","Sosialistisk Venstreparti",1,0
"2013","st","fylke","Hedmark","","RØDT","Rødt",0,0
"2013","st","fylke","Hedmark","","SP","Senterpartiet",1,0
"2013","st","fylke","Hedmark","","KRF","Kristelig Folkeparti",0,0
"2013","st","fylke","Hedmark","","V","Venstre",0,0
"2013","st","fylke","Hedmark","","H","Høyre",1,0
"2013","st","fylke","Hedmark","","FRP","Fremskrittspartiet",1,0
"2013","st","fylke","Hedmark","","DEMN","Demokratene i Norge",0,0
"2013","st","fylke","Hedmark","","KRISTNE","De Kristne",0,0
"2013","st","fylke","Hedmark","","KYST","Kystpartiet",0,0
"2013","st","fylke","Hedmark","","MDG","Miljøpartiet De Grønne",0,0
"2013","st","fylke","Hedmark","","PIR","Piratpartiet",0,0
"2013","st","fylke","Hedmark","","PP","Pensjonistpartiet",0,0
"2013","st","fylke","Hedmark","","BLANKE","Blanke",0,0
"2013","st","fylke","Hedmark","","Andre","Andre",0,0
"2013","st","fylke","Hedmark","","Andre2","Andre2",0,0
"2013","st","fylke","Oppland","","A","Arbeiderpartiet",3,0
"2013","st","fylke","Oppland","","SV","Sosialistisk Venstreparti",0,-1
"2013","st","fylke","Oppland","","RØDT","Rødt",0,0
"2013","st","fylke","Oppland","","SP","Senterpartiet",1,0
"2013","st","fylke","Oppland","","KRF","Kristelig Folkeparti",0,0
"2013","st","fylke","Oppland","","V","Venstre",1,1
"2013","st","fylke","Oppland","","H","Høyre",1,0
"2013","st","fylke","Oppland","","FRP","Fremskrittspartiet",1,0
"2013","st","fylke","Oppland","","DEMN","Demokratene i Norge",0,0
"2013","st","fylke","Oppland","","DLF","Det Liberale Folkepartiet",0,0
"2013","st","fylke","Oppland","","KRISTNE","De Kristne",0,0
"2013","st","fylke","Oppland","","KYST","Kystpartiet",0,0
"2013","st","fylke","Oppland","","MDG","Miljøpartiet De Grønne",0,0
"2013","st","fylke","Oppland","","PIR","Piratpartiet",0,0
"2013","st","fylke","Oppland","","PP","Pensjonistpartiet",0,0
"2013","st","fylke","Oppland","","BLANKE","Blanke",0,0
"2013","st","fylke","Oppland","","Andre","Andre",0,0
"2013","st","fylke","Oppland","","Andre2","Andre2",0,0
"2013","st","fylke","Buskerud","","A","Arbeiderpartiet",3,-1
"2013","st","fylke","Buskerud","","SV","Sosialistisk Venstreparti",0,0
"2013","st","fylke","Buskerud","","RØDT","Rødt",0,0
"2013","st","fylke","Buskerud","","SP","Senterpartiet",1,0
"2013","st","fylke","Buskerud","","KRF","Kristelig Folkeparti",0,0
"2013","st","fylke","Buskerud","","V","Venstre",0,0
"2013","st","fylke","Buskerud","","H","Høyre",3,1
"2013","st","fylke","Buskerud","","FRP","Fremskrittspartiet",2,0
"2013","st","fylke","Buskerud","","DEMN","Demokratene i Norge",0,0
"2013","st","fylke","Buskerud","","KRISTNE","De Kristne",0,0
"2013","st","fylke","Buskerud","","KSP","Kristent Samlingsparti",0,0
"2013","st","fylke","Buskerud","","KYST","Kystpartiet",0,0
"2013","st","fylke","Buskerud","","MDG","Miljøpartiet De Grønne",0,0
"2013","st","fylke","Buskerud","","PIR","Piratpartiet",0,0
"2013","st","fylke","Buskerud","","SFP","Samfunnspartiet",0,0
"2013","st","fylke","Buskerud","","BLANKE","Blanke",0,0
"2013","st","fylke","Buskerud","","Andre","Andre",0,0
"2013","st","fylke","Buskerud","","Andre2","Andre2",0,0
"2013","st","fylke","Vestfold","","A","Arbeiderpartiet",2,-1
"2013","st","fylke","Vestfold","","SV","Sosialistisk Venstreparti",0,-1
"2013","st","fylke","Vestfold","","RØDT","Rødt",0,0
"2013","st","fylke","Vestfold","","SP","Senterpartiet",0,0
"2013","st","fylke","Vestfold","","KRF","Kristelig Folkeparti",1,1
"2013","st","fylke","Vestfold","","V","Venstre",0,0
"2013","st","fylke","Vestfold","","H","Høyre",2,1
"2013","st","fylke","Vestfold","","FRP","Fremskrittspartiet",2,0
"2013","st","fylke","Vestfold","","DEMN","Demokratene i Norge",0,0
"2013","st","fylke","Vestfold","","KRISTNE","De Kristne",0,0
"2013","st","fylke","Vestfold","","KSP","Kristent Samlingsparti",0,0
"2013","st","fylke","Vestfold","","KYST","Kystpartiet",0,0
"2013","st","fylke","Vestfold","","MDG","Miljøpartiet De Grønne",0,0
"2013","st","fylke","Vestfold","","PIR","Piratpartiet",0,0
"2013","st","fylke","Vestfold","","PP","Pensjonistpartiet",0,0
"2013","st","fylke","Vestfold","","BLANKE","Blanke",0,0
"2013","st","fylke","Vestfold","","Andre","Andre",0,0
"2013","st","fylke","Vestfold","","Andre2","Andre2",0,0
"2013","st","fylke","Telemark","","A","Arbeiderpartiet",3,0
"2013","st","fylke","Telemark","","SV","Sosialistisk Venstreparti",0,0
"2013","st","fylke","Telemark","","RØDT","Rødt",0,0
"2013","st","fylke","Telemark","","SP","Senterpartiet",0,0
"2013","st","fylke","Telemark","","KRF","Kristelig Folkeparti",1,0
"2013","st","fylke","Telemark","","V","Venstre",0,0
"2013","st","fylke","Telemark","","H","Høyre",1,0
"2013","st","fylke","Telemark","","FRP","Fremskrittspartiet",1,0
"2013","st","fylke","Telemark","","DEMN","Demokratene i Norge",0,0
"2013","st","fylke","Telemark","","KRISTNE","De Kristne",0,0
"2013","st","fylke","Telemark","","KSP","Kristent Samlingsparti",0,0
"2013","st","fylke","Telemark","","KYST","Kystpartiet",0,0
"2013","st","fylke","Telemark","","MDG","Miljøpartiet De Grønne",0,0
"2013","st","fylke","Telemark","","PIR","Piratpartiet",0,0
"2013","st","fylke","Telemark","","BLANKE","Blanke",0,0
"2013","st","fylke","Telemark","","Andre","Andre",0,0
"2013","st","fylke","Telemark","","Andre2","Andre2",0,0
"2013","st","fylke","Aust-Agder","","A","Arbeiderpartiet",1,0
"2013","st","fylke","Aust-Agder","","SV","Sosialistisk Venstreparti",0,0
"2013","st","fylke","Aust-Agder","","RØDT","Rødt",0,0
"2013","st","fylke","Aust-Agder","","SP","Senterpartiet",0,0
"2013","st","fylke","Aust-Agder","","KRF","Kristelig Folkeparti",1,0
"2013","st","fylke","Aust-Agder","","V","Venstre",0,0
"2013","st","fylke","Aust-Agder","","H","Høyre",1,0
"2013","st","fylke","Aust-Agder","","FRP","Fremskrittspartiet",1,0
"2013","st","fylke","Aust-Agder","","DEMN","Demokratene i Norge",0,0
"2013","st","fylke","Aust-Agder","","KRISTNE","De Kristne",0,0
"2013","st","fylke","Aust-Agder","","KSP","Kristent Samlingsparti",0,0
"2013","st","fylke","Aust-Agder","","KYST","Kystpartiet",0,0
"2013","st","fylke","Aust-Agder","","MDG","Miljøpartiet De Grønne",0,0
"2013","st","fylke","Aust-Agder","","PIR","Piratpartiet",0,0
"2013","st","fylke","Aust-Agder","","PP","Pensjonistpartiet",0,0
"2013","st","fylke","Aust-Agder","","BLANKE","Blanke",0,0
"2013","st","fylke","Aust-Agder","","Andre","Andre",0,0
"2013","st","fylke","Aust-Agder","","Andre2","Andre2",0,0
"2013","st","fylke","Vest-Agder","","A","Arbeiderpartiet",2,1
"2013","st","fylke","Vest-Agder","","SV","Sosialistisk Venstreparti",0,-1
"2013","st","fylke","Vest-Agder","","RØDT","Rødt",0,0
"2013","st","fylke","Vest-Agder","","SP","Senterpartiet",0,0
"2013","st","fylke","Vest-Agder","","KRF","Kristelig Folkeparti",1,0
"2013","st","fylke","Vest-Agder","","V","Venstre",0,0
"2013","st","fylke","Vest-Agder","","H","Høyre",2,1
"2013","st","fylke","Vest-Agder","","FRP","Fremskrittspartiet",1,-1
"2013","st","fylke","Vest-Agder","","DEMN","Demokratene i Norge",0,0
"2013","st","fylke","Vest-Agder","","DLF","Det Liberale Folkepartiet",0,0
"2013","st","fylke","Vest-Agder","","KRISTNE","De Kristne",0,0
"2013","st","fylke","Vest-Agder","","KYST","Kystpartiet",0,0
"2013","st","fylke","Vest-Agder","","MDG","Miljøpartiet De Grønne",0,0
"2013","st","fylke","Vest-Agder","","NKP","Norges Kommunistiske Parti",0,0
"2013","st","fylke","Vest-Agder","","PIR","Piratpartiet",0,0
"2013","st","fylke","Vest-Agder","","PP","Pensjonistpartiet",0,0
"2013","st","fylke","Vest-Agder","","BLANKE","Blanke",0,0
"2013","st","fylke","Vest-Agder","","Andre","Andre",0,0
"2013","st","fylke","Vest-Agder","","Andre2","Andre2",0,0
"2013","st","fylke","Rogaland","","A","Arbeiderpartiet",3,0
"2013","st","fylke","Rogaland","","SV","Sosialistisk Venstreparti",0,-1
"2013","st","fylke","Rogaland","","RØDT","Rødt",0,0
"2013","st","fylke","Rogaland","","SP","Senterpartiet",1,0
"2013","st","fylke","Rogaland","","KRF","Kristelig Folkeparti",2,1
"2013","st","fylke","Rogaland","","V","Venstre",1,1
"2013","st","fylke","Rogaland","","H","Høyre",4,1
"2013","st","fylke","Rogaland","","FRP","Fremskrittspartiet",3,-1
"2013","st","fylke","Rogaland","","DEMN","Demokratene i Norge",0,0
"2013","st","fylke","Rogaland","","DLF","Det Liberale Folkepartiet",0,0
"2013","st","fylke","Rogaland","","KRISTNE","De Kristne",0,0
"2013","st","fylke","Rogaland","","KSP","Kristent Samlingsparti",0,0
"2013","st","fylke","Rogaland","","KYST","Kystpartiet",0,0
"2013","st","fylke","Rogaland","","MDG","Miljøpartiet De Grønne",0,0
"2013","st","fylke","Rogaland","","NKP","Norges Kommunistiske Parti",0,0
"2013","st","fylke","Rogaland","","PIR","Piratpartiet",0,0
"2013","st","fylke","Rogaland","","PP","Pensjonistpartiet",0,0
"2013","st","fylke","Rogaland","","BLANKE","Blanke",0,0
"2013","st","fylke","Rogaland","","Andre","Andre",0,0
"2013","st","fylke","Rogaland","","Andre2","Andre2",0,0
"2013","st","fylke","Hordaland","","A","Arbeiderpartiet",4,-1
"2013","st","fylke","Hordaland","","SV","Sosialistisk Venstreparti",1,0
"2013","st","fylke","Hordaland","","RØDT","Rødt",0,0
"2013","st","fylke","Hordaland","","SP","Senterpartiet",1,0
"2013","st","fylke","Hordaland","","KRF","Kristelig Folkeparti",1,0
"2013","st","fylke","Hordaland","","V","Venstre",1,1
"2013","st","fylke","Hordaland","","H","Høyre",6,3
"2013","st","fylke","Hordaland","","FRP","Fremskrittspartiet",2,-2
"2013","st","fylke","Hordaland","","DEMN","Demokratene i Norge",0,0
"2013","st","fylke","Hordaland","","KRISTNE","De Kristne",0,0
"2013","st","fylke","Hordaland","","KYST","Kystpartiet",0,0
"2013","st","fylke","Hordaland","","MDG","Miljøpartiet De Grønne",0,0
"2013","st","fylke","Hordaland","","NKP","Norges Kommunistiske Parti",0,0
"2013","st","fylke","Hordaland","","PIR","Piratpartiet",0,0
"2013","st","fylke","Hordaland","","PP","Pensjonistpartiet",0,0
"2013","st","fylke","Hordaland","","BLANKE","Blanke",0,0
"2013","st","fylke","Hordaland","","FOLKEM","Folkemakten",0,0
"2013","st","fylke","Hordaland","","Andre","Andre",0,0
"2013","st","fylke","Hordaland","","Andre2","Andre2",0,0
"2013","st","fylke","Sogn og Fjordane","","A","Arbeiderpartiet",1,-1
"2013","st","fylke","Sogn og Fjordane","","SV","Sosialistisk Venstreparti",0,0
"2013","st","fylke","Sogn og Fjordane","","RØDT","Rødt",0,0
"2013","st","fylke","Sogn og Fjordane","","SP","Senterpartiet",1,0
"2013","st","fylke","Sogn og Fjordane","","KRF","Kristelig Folkeparti",0,0
"2013","st","fylke","Sogn og Fjordane","","V","Venstre",1,1
"2013","st","fylke","Sogn og Fjordane","","H","Høyre",1,0
"2013","st","fylke","Sogn og Fjordane","","FRP","Fremskrittspartiet",0,-1
"2013","st","fylke","Sogn og Fjordane","","DEMN","Demokratene i Norge",0,0
"2013","st","fylke","Sogn og Fjordane","","KRISTNE","De Kristne",0,0
"2013","st","fylke","Sogn og Fjordane","","KYST","Kystpartiet",0,0
"2013","st","fylke","Sogn og Fjordane","","MDG","Miljøpartiet De Grønne",0,0
"2013","st","fylke","Sogn og Fjordane","","PIR","Piratpartiet",0,0
"2013","st","fylke","Sogn og Fjordane","","BLANKE","Blanke",0,0
"2013","st","fylke","Sogn og Fjordane","","Andre","Andre",0,0
"2013","st","fylke","Sogn og Fjordane","","Andre2","Andre2",0,0
"2013","st","fylke","Møre og Romsdal","","A","Arbeiderpartiet",2,-1
"2013","st","fylke","Møre og Romsdal","","SV","Sosialistisk Venstreparti",0,0
"2013","st","fylke","Møre og Romsdal","","RØDT","Rødt",0,0
"2013","st","fylke","Møre og Romsdal","","SP","Senterpartiet",1,0
"2013","st","fylke","Møre og Romsdal","","KRF","Kristelig Folkeparti",1,0
"2013","st","fylke","Møre og Romsdal","","V","Venstre",1,1
"2013","st","fylke","Møre og Romsdal","","H","Høyre",2,1
"2013","st","fylke","Møre og Romsdal","","FRP","Fremskrittspartiet",2,-1
"2013","st","fylke","Møre og Romsdal","","DEMN","Demokratene i Norge",0,0
"2013","st","fylke","Møre og Romsdal","","KRISTNE","De Kristne",0,0
"2013","st","fylke","Møre og Romsdal","","KYST","Kystpartiet",0,0
"2013","st","fylke","Møre og Romsdal","","MDG","Miljøpartiet De Grønne",0,0
"2013","st","fylke","Møre og Romsdal","","PIR","Piratpartiet",0,0
"2013","st","fylke","Møre og Romsdal","","BLANKE","Blanke",0,0
"2013","st","fylke","Møre og Romsdal","","Andre","Andre",0,0
"2013","st","fylke","Møre og Romsdal","","Andre2","Andre2",0,0
"2013","st","fylke","Sør-Trøndelag","","A","Arbeiderpartiet",4,0
"2013","st","fylke","Sør-Trøndelag","","SV","Sosialistisk Venstreparti",1,0
"2013","st","fylke","Sør-Trøndelag","","RØDT","Rødt",0,0
"2013","st","fylke","Sør-Trøndelag","","SP","Senterpartiet",1,0
"2013","st","fylke","Sør-Trøndelag","","KRF","Kristelig Folkeparti",0,-1
"2013","st","fylke","Sør-Trøndelag","","V","Venstre",0,0
"2013","st","fylke","Sør-Trøndelag","","H","Høyre",2,1
"2013","st","fylke","Sør-Trøndelag","","FRP","Fremskrittspartiet",2,0
"2013","st","fylke","Sør-Trøndelag","","DEMN","Demokratene i Norge",0,0
"2013","st","fylke","Sør-Trøndelag","","DLF","Det Liberale Folkepartiet",0,0
"2013","st","fylke","Sør-Trøndelag","","KRISTNE","De Kristne",0,0
"2013","st","fylke","Sør-Trøndelag","","KSP","Kristent Samlingsparti",0,0
"2013","st","fylke","Sør-Trøndelag","","KYST","Kystpartiet",0,0
"2013","st","fylke","Sør-Trøndelag","","MDG","Miljøpartiet De Grønne",0,0
"2013","st","fylke","Sør-Trøndelag","","NKP","Norges Kommunistiske Parti",0,0
"2013","st","fylke","Sør-Trøndelag","","PIR","Piratpartiet",0,0
"2013","st","fylke","Sør-Trøndelag","","PP","Pensjonistpartiet",0,0
"2013","st","fylke","Sør-Trøndelag","","BLANKE","Blanke",0,0
"2013","st","fylke","Sør-Trøndelag","","Andre","Andre",0,0
"2013","st","fylke","Sør-Trøndelag","","Andre2","Andre2",0,0
"2013","st","fylke","Nord-Trøndelag","","A","Arbeiderpartiet",2,-1
"2013","st","fylke","Nord-Trøndelag","","SV","Sosialistisk Venstreparti",0,0
"2013","st","fylke","Nord-Trøndelag","","RØDT","Rødt",0,0
"2013","st","fylke","Nord-Trøndelag","","SP","Senterpartiet",1,0
"2013","st","fylke","Nord-Trøndelag","","KRF","Kristelig Folkeparti",0,0
"2013","st","fylke","Nord-Trøndelag","","V","Venstre",1,1
"2013","st","fylke","Nord-Trøndelag","","H","Høyre",1,0
"2013","st","fylke","Nord-Trøndelag","","FRP","Fremskrittspartiet",0,-1
"2013","st","fylke","Nord-Trøndelag","","DEMN","Demokratene i Norge",0,0
"2013","st","fylke","Nord-Trøndelag","","KRISTNE","De Kristne",0,0
"2013","st","fylke","Nord-Trøndelag","","KSP","Kristent Samlingsparti",0,0
"2013","st","fylke","Nord-Trøndelag","","KYST","Kystpartiet",0,0
"2013","st","fylke","Nord-Trøndelag","","MDG","Miljøpartiet De Grønne",0,0
"2013","st","fylke","Nord-Trøndelag","","PIR","Piratpartiet",0,0
"2013","st","fylke","Nord-Trøndelag","","BLANKE","Blanke",0,0
"2013","st","fylke","Nord-Trøndelag","","Andre","Andre",0,0
"2013","st","fylke","Nord-Trøndelag","","Andre2","Andre2",0,0
"2013","st","fylke","Nordland","","A","Arbeiderpartiet",4,0
"2013","st","fylke","Nordland","","SV","Sosialistisk Venstreparti",0,-1
"2013","st","fylke","Nordland","","RØDT","Rødt",0,0
"2013","st","fylke","Nordland","","SP","Senterpartiet",1,0
"2013","st","fylke","Nordland","","KRF","Kristelig Folkeparti",0,0
"2013","st","fylke","Nordland","","V","Venstre",0,0
"2013","st","fylke","Nordland","","H","Høyre",2,1
"2013","st","fylke","Nordland","","FRP","Fremskrittspartiet",2,-1
"2013","st","fylke","Nordland","","DEMN","Demokratene i Norge",0,0
"2013","st","fylke","Nordland","","KRISTNE","De Kristne",0,0
"2013","st","fylke","Nordland","","KYST","Kystpartiet",0,0
"2013","st","fylke","Nordland","","MDG","Miljøpartiet De Grønne",0,0
"2013","st","fylke","Nordland","","NKP","Norges Kommunistiske Parti",0,0
"2013","st","fylke","Nordland","","PIR","Piratpartiet",0,0
"2013","st","fylke","Nordland","","PP","Pensjonistpartiet",0,0
"2013","st","fylke","Nordland","","SFP","Samfunnspartiet",0,0
"2013","st","fylke","Nordland","","AKSJOLJE","Folkeliste mot oljeboring i Lofoten, Vesterålen og Senja",0,0
"2013","st","fylke","Nordland","","BLANKE","Blanke",0,0
"2013","st","fylke","Nordland","","Andre","Andre",0,0
"2013","st","fylke","Nordland","","Andre2","Andre2",0,0
"2013","st","fylke","Troms Romsa","","A","Arbeiderpartiet",2,-1
"2013","st","fylke","Troms Romsa","","SV","Sosialistisk Venstreparti",1,1
"2013","st","fylke","Troms Romsa","","RØDT","Rødt",0,0
"2013","st","fylke","Troms Romsa","","SP","Senterpartiet",0,-1
"2013","st","fylke","Troms Romsa","","KRF","Kristelig Folkeparti",0,0
"2013","st","fylke","Troms Romsa","","V","Venstre",0,0
"2013","st","fylke","Troms Romsa","","H","Høyre",2,1
"2013","st","fylke","Troms Romsa","","FRP","Fremskrittspartiet",1,-1
"2013","st","fylke","Troms Romsa","","DEMN","Demokratene i Norge",0,0
"2013","st","fylke","Troms Romsa","","KRISTNE","De Kristne",0,0
"2013","st","fylke","Troms Romsa","","KSP","Kristent Samlingsparti",0,0
"2013","st","fylke","Troms Romsa","","KYST","Kystpartiet",0,0
"2013","st","fylke","Troms Romsa","","MDG","Miljøpartiet De Grønne",0,0
"2013","st","fylke","Troms Romsa","","NKP","Norges Kommunistiske Parti",0,0
"2013","st","fylke","Troms Romsa","","PIR","Piratpartiet",0,0
"2013","st","fylke","Troms Romsa","","BLANKE","Blanke",0,0
"2013","st","fylke","Troms Romsa","","Andre","Andre",0,0
"2013","st","fylke","Troms Romsa","","Andre2","Andre2",0,0
"2013","st","fylke","Finnmark Finnmárku","","A","Arbeiderpartiet",2,-1
"2013","st","fylke","Finnmark Finnmárku","","SV","Sosialistisk Venstreparti",1,1
"2013","st","fylke","Finnmark Finnmárku","","RØDT","Rødt",0,0
"2013","st","fylke","Finnmark Finnmárku","","SP","Senterpartiet",0,0
"2013","st","fylke","Finnmark Finnmárku","","KRF","Kristelig Folkeparti",0,0
"2013","st","fylke","Finnmark Finnmárku","","V","Venstre",0,0
"2013","st","fylke","Finnmark Finnmárku","","H","Høyre",1,0
"2013","st","fylke","Finnmark Finnmárku","","FRP","Fremskrittspartiet",1,0
"2013","st","fylke","Finnmark Finnmárku","","DEMN","Demokratene i Norge",0,0
"2013","st","fylke","Finnmark Finnmárku","","KRISTNE","De Kristne",0,0
"2013","st","fylke","Finnmark Finnmárku","","KSP","Kristent Samlingsparti",0,0
"2013","st","fylke","Finnmark Finnmárku","","KYST","Kystpartiet",0,0
"2013","st","fylke","Finnmark Finnmárku","","MDG","Miljøpartiet De Grønne",0,0
"2013","st","fylke","Finnmark Finnmárku","","PIR","Piratpartiet",0,0
"2013","st","fylke","Finnmark Finnmárku","","BLANKE","Blanke",0,0
"2013","st","fylke","Finnmark Finnmárku","","SJALTA","Sykehus til Alta",0,0
"2013","st","fylke","Finnmark Finnmárku","","Andre","Andre",0,0
"2013","st","fylke","Finnmark Finnmárku","","Andre2","Andre2",0,0
